Gen,C,g1_1,g1_2,g2_1,g2_2,Offset,f1_mean_timeloss_s_per_veh,f2_co2_kg_per_veh,Rank,CrowdingDistance,Scenario
2,75,21,46,15,52,7,29.412962962962965,0.3059550405666531,0,inf,S3
2,61,38,15,28,25,39,68.48333333333333,0.28181140648328307,0,inf,S3
2,63,15,40,15,40,7,32.46296296296296,0.31181418546665396,1,inf,S3
2,99,52,39,32,59,51,67.60555555555555,0.3117309270166141,1,inf,S3
2,120,46,66,29,83,2,46.76296296296296,0.3160837924499663,2,inf,S3
2,66,21,37,15,43,16,43.987037037037034,0.32013217933330607,2,inf,S3
2,87,40,39,23,56,41,61.57037037037037,0.3179356705832879,3,inf,S3
2,82,25,49,27,47,10,49.72592592592592,0.3226974732999714,3,1.0,S3
2,80,28,44,15,57,18,46.068518518518516,0.3259303772666389,3,inf,S3
2,62,38,16,20,34,16,72.97407407407407,0.3235768739499534,4,inf,S3
2,72,15,49,15,49,24,52.65925925925926,0.3303171117333003,4,inf,S3
2,78,29,41,15,55,30,57.257407407407406,0.329700408149961,4,1.0,S3
2,98,34,56,15,75,21,53.47962962962963,0.3489361823666295,5,inf,S3
2,113,46,59,32,73,37,60.148148148148145,0.33044550974995496,5,inf,S3
2,117,22,87,46,63,16,64.94814814814815,0.3305274349166196,6,inf,S3
2,62,15,39,15,39,33,67.82962962962962,0.33834935088328605,7,inf,S3
2,70,40,22,16,46,42,72.75185185185185,0.33363590243327523,7,inf,S3
2,103,26,69,37,58,28,69.40185185185184,0.33854723951661514,8,inf,S3
2,113,54,51,64,41,0,78.5611111111111,0.34610636431659764,9,inf,S3
2,87,18,61,51,28,10,87.36296296296295,0.34523035366660115,-1,0.0,S3
2,118,73,37,28,82,61,90.70740740740742,0.3617831731665882,-1,0.0,S3
2,72,49,15,15,49,12,91.10185185185185,0.3417590327666035,-1,0.0,S3
2,120,69,43,49,63,75,81.56666666666666,0.3216771198165933,-1,0.0,S3
2,75,46,21,15,52,65,90.46296296296296,0.3486989134665979,-1,0.0,S3
2,98,37,53,37,53,72,90.64074074074074,0.3504701456832521,-1,0.0,S3
2,117,62,47,19,90,115,96.0148148148148,0.3742455847499158,-1,0.0,S3
2,79,32,39,53,18,5,89.73518518518519,0.33150821159993077,-1,0.0,S3
2,87,17,62,15,64,84,106.19074074074075,0.40092672351656833,-1,0.0,S3
2,83,56,19,15,60,46,100.65925925925926,0.3715162417332531,-1,0.0,S3
2,69,15,46,46,15,7,98.93518518518519,0.3536925147665901,-1,0.0,S3
2,93,44,41,55,30,29,91.78703703703704,0.33816682873326087,-1,0.0,S3
2,110,70,32,15,87,58,106.85925925925926,0.39203562408324344,-1,0.0,S3
2,82,59,15,15,59,20,101.43333333333334,0.3547745183332527,-1,0.0,S3
2,82,58,16,17,57,63,102.77777777777777,0.36162993893324674,-1,0.0,S3
2,116,56,52,55,53,91,98.96111111111111,0.3524892314832492,-1,0.0,S3
2,97,74,15,36,53,15,99.60185185185185,0.34016739134991986,-1,0.0,S3
2,73,50,15,50,15,34,82.49814814814815,0.2843892257165985,-1,0.0,S3
2,90,39,43,46,36,67,100.43703703703703,0.3497818624499107,-1,0.0,S3
2,90,43,39,67,15,5,96.97592592592592,0.3278066737999225,-1,0.0,S3
2,79,16,55,56,15,11,104.93148148148148,0.3537437393332535,-1,0.0,S3
2,117,86,23,43,66,19,101.43703703703704,0.3496382462165834,-1,0.0,S3
2,65,15,42,36,21,46,103.03703703703704,0.35267021729991566,-1,0.0,S3
2,83,42,33,52,23,42,100.10555555555555,0.34262852554992,-1,0.0,S3
2,96,47,41,65,23,23,99.88333333333333,0.33872685248325385,-1,0.0,S3
2,103,64,31,68,27,45,95.96111111111111,0.3244105016165854,-1,0.0,S3
2,72,29,35,38,26,71,104.41666666666666,0.34913540813324495,-1,0.0,S3
2,97,74,15,15,74,2,113.00185185185185,0.36762899823323847,-1,0.0,S3
2,116,89,19,46,62,40,103.9111111111111,0.3447851043832461,-1,0.0,S3
2,99,72,19,15,76,83,118.73148148148148,0.39382168076656027,-1,0.0,S3
2,112,48,56,78,26,33,105.70370370370371,0.34717043451657525,-1,0.0,S3
2,113,17,88,70,35,51,114.10185185185185,0.37600405483322996,-1,0.0,S3
2,98,32,58,75,15,4,110.68518518518518,0.3525878122499056,-1,0.0,S3
2,104,47,49,81,15,6,107.75740740740741,0.34344648618324153,-1,0.0,S3
2,104,79,17,81,15,39,86.82407407407408,0.2765640125165947,-1,0.0,S3
2,100,15,77,67,25,61,118.78333333333333,0.3728463763832279,-1,0.0,S3
2,96,30,58,69,19,47,114.72592592592592,0.3546694987665659,-1,0.0,S3
2,117,68,41,89,20,46,112.74074074074073,0.3473596721665664,-1,0.0,S3
2,88,41,39,59,21,67,115.54259259259258,0.3553166302332285,-1,0.0,S3
2,86,23,55,63,15,43,127.29999999999998,0.37525191841655187,-1,0.0,S3
2,103,63,32,80,15,70,117.65,0.3473576780165616,-1,0.0,S3
3,75,21,46,15,52,7,29.412962962962965,0.3059550405666531,0,0.154479585875817,S3
3,60,36,16,32,20,11,60.090740740740735,0.2717371022166222,0,inf,S3
3,75,21,46,15,52,4,29.364814814814814,0.30892655231665195,0,inf,S3
3,63,21,34,15,40,7,33.087037037037035,0.3019417617333179,0,0.9592654857322506,S3
3,61,38,15,28,25,39,68.48333333333333,0.28181140648328307,1,inf,S3
3,82,46,28,29,45,39,62.00555555555555,0.29509593551661806,1,0.5242463554739623,S3
3,63,15,40,15,40,7,32.46296296296296,0.31181418546665396,1,0.1126255327549913,S3
3,74,15,51,15,51,7,32.00185185185185,0.3171991775166498,1,inf,S3
3,87,25,54,15,64,10,34.351851851851855,0.31150759166664704,1,0.3933483540135335,S3
3,93,44,41,31,54,29,58.4425925925926,0.30917550593328885,1,0.6108933095274063,S3
3,120,46,66,29,83,2,46.76296296296296,0.3160837924499663,2,0.2529154950471453,S3
3,81,17,56,27,46,3,38.2962962962963,0.3161890138833156,2,inf,S3
3,78,29,41,15,55,28,52.05185185185185,0.31602626509996506,2,0.8437620909655336,S3
3,99,52,39,32,59,51,67.60555555555555,0.3117309270166141,2,inf,S3
3,66,21,37,15,43,16,43.987037037037034,0.32013217933330607,3,0.4922281969150236,S3
3,99,25,66,28,63,2,42.26481481481481,0.33354020323330963,3,inf,S3
3,65,15,42,15,42,16,44.54814814814815,0.32002382213331176,3,0.5257761555660978,S3
3,87,40,39,23,56,41,61.57037037037037,0.3179356705832879,3,inf,S3
3,82,25,49,27,47,10,49.72592592592592,0.3226974732999714,4,1.0,S3
3,80,28,44,15,57,18,46.068518518518516,0.3259303772666389,4,inf,S3
3,71,29,34,39,24,1,63.68703703703704,0.31829670381662484,4,inf,S3
3,88,39,41,23,57,40,61.653703703703705,0.32480715778328706,5,0.39904866805611383,S3
3,72,15,49,15,49,24,52.65925925925926,0.3303171117333003,5,0.42422423578507285,S3
3,78,29,41,15,55,30,57.257407407407406,0.329700408149961,5,0.3021872176604986,S3
3,98,34,56,15,75,19,50.62962962962963,0.3372402884499673,5,inf,S3
3,113,46,59,34,71,37,59.925925925925924,0.32650279061661747,5,0.2774395664127389,S3
3,62,38,16,20,34,16,72.97407407407407,0.3235768739499534,5,inf,S3
3,103,54,41,37,58,28,68.0925925925926,0.32636129154994875,6,inf,S3
3,70,15,47,15,47,24,53.81111111111111,0.3334477758332993,6,0.6130543913569617,S3
3,96,34,54,15,73,21,52.27962962962963,0.3414049806832953,6,inf,S3
3,113,46,59,32,73,37,60.148148148148145,0.33044550974995496,6,0.6871052615045234,S3
3,62,38,16,19,35,15,73.60370370370372,0.32714749928328607,7,inf,S3
3,82,38,36,15,59,20,59.66666666666667,0.33721407479996235,7,0.5417288102545575,S3
3,98,34,56,15,75,21,53.47962962962963,0.3489361823666295,7,inf,S3
3,117,22,87,46,63,16,64.94814814814815,0.3305274349166196,7,0.45827118974544245,S3
3,65,15,42,15,42,29,61.71296296296296,0.3342434400499581,7,0.2846659247131173,S3
3,117,72,37,52,57,28,79.67962962962963,0.3301214972666002,8,inf,S3
3,78,15,55,15,55,30,61.13148148148148,0.34281741499995977,8,inf,S3
3,70,40,22,16,46,42,72.75185185185185,0.33363590243327523,8,0.6434742999096752,S3
3,62,15,39,15,39,33,67.82962962962962,0.33834935088328605,8,0.6748419044997945,S3
3,119,42,69,52,59,4,66.89259259259259,0.3454868832166148,9,inf,S3
3,87,33,46,51,28,10,83.9148148148148,0.3360495095499346,9,inf,S3
3,65,15,42,36,21,10,80.19814814814814,0.3378101340332793,9,0.5917174184027769,S3
3,61,15,38,15,38,33,68.0111111111111,0.33840077598328494,9,0.4363460754091285,S3
3,116,22,86,46,62,16,68.00925925925927,0.3392883543166161,9,0.40828258159722314,S3
3,103,26,69,37,58,28,69.40185185185184,0.33854723951661514,10,inf,S3
3,110,55,47,15,87,6,68.61111111111111,0.3422124259832781,10,inf,S3
3,69,46,15,15,46,16,87.35925925925926,0.34117657294993403,11,inf,S3
3,117,19,90,46,63,16,69.35740740740741,0.34296922746661207,11,inf,S3
3,118,46,64,28,82,61,72.89814814814815,0.35353467133326894,12,inf,S3
3,117,58,51,21,88,1,73.13333333333333,0.3523816031832765,12,1.0,S3
3,114,55,51,64,42,0,78.4,0.34368344319993493,12,inf,S3
3,112,53,51,19,85,0,73.69814814814815,0.362504877999945,13,inf,S3
3,113,54,51,64,41,0,78.5611111111111,0.34610636431659764,13,inf,S3
3,118,69,41,29,81,29,83.83888888888889,0.348118989283267,14,inf,S3
3,87,18,61,51,28,10,87.36296296296295,0.34523035366660115,-1,0.0,S3
3,118,73,37,28,82,61,90.70740740740742,0.3617831731665882,-1,0.0,S3
3,103,58,37,15,80,61,95.62222222222222,0.38094477114991826,-1,0.0,S3
3,120,69,43,22,90,75,94.94444444444444,0.3806391534665854,-1,0.0,S3
3,72,49,15,15,49,12,91.10185185185185,0.3417590327666035,-1,0.0,S3
4,75,21,46,15,52,7,29.412962962962965,0.3059550405666531,0,0.13190444170843385,S3
4,60,36,16,32,20,11,60.090740740740735,0.2717371022166222,0,inf,S3
4,75,21,46,15,52,4,29.364814814814814,0.30892655231665195,0,0.09060171889010304,S3
4,63,21,34,15,40,7,33.087037037037035,0.3019417617333179,0,0.26936570179484653,S3
4,60,21,31,15,37,11,36.16851851851852,0.2906534034833103,0,0.7232304446491047,S3
4,61,15,38,15,38,4,27.307407407407407,0.3113063327999882,0,0.14486511364246138,S3
4,81,17,56,15,58,2,24.405555555555555,0.3155284341666574,0,inf,S3
4,74,21,45,15,51,7,30.91111111111111,0.30622802138331356,1,inf,S3
4,61,38,15,28,25,39,68.48333333333333,0.28181140648328307,1,inf,S3
4,78,36,34,32,38,11,50.81666666666666,0.29285970459996685,1,1.0,S3
4,63,15,40,15,40,7,32.46296296296296,0.31181418546665396,2,0.1615342085497197,S3
4,74,15,51,15,51,7,32.00185185185185,0.3171991775166498,2,inf,S3
4,92,25,59,23,61,6,33.951851851851856,0.30925491499998264,2,0.38588365812011916,S3
4,60,37,15,27,25,39,70.12592592592593,0.2879836979166136,2,inf,S3
4,82,46,28,29,45,39,62.00555555555555,0.29509593551661806,2,0.5159089243085981,S3
4,93,44,41,31,54,29,58.4425925925926,0.30917550593328885,2,0.6102461807410471,S3
4,87,25,54,15,64,10,34.351851851851855,0.31150759166664704,3,inf,S3
4,99,52,39,32,59,51,67.60555555555555,0.3117309270166141,4,inf,S3
4,71,27,36,15,48,18,45.31666666666666,0.3142969057499733,4,0.5683545743694997,S3
4,82,25,49,19,55,10,35.98888888888889,0.3150202257166437,4,inf,S3
4,93,43,42,32,53,29,60.242592592592594,0.31380452894995603,4,0.7425358982357979,S3
4,77,29,40,15,54,20,46.346296296296295,0.31474766819997296,5,inf,S3
4,81,17,56,27,46,3,38.2962962962963,0.3161890138833156,5,inf,S3
4,80,28,44,15,57,15,40.87407407407407,0.3154435188833096,5,1.0,S3
4,120,46,66,29,83,2,46.76296296296296,0.3160837924499663,6,0.49747411991246715,S3
4,78,29,41,15,55,28,52.05185185185185,0.31602626509996506,6,inf,S3
4,66,21,37,15,43,16,43.987037037037034,0.32013217933330607,6,0.17789760917591724,S3
4,99,25,66,28,63,2,42.26481481481481,0.33354020323330963,6,inf,S3
4,65,15,42,15,42,16,44.54814814814815,0.32002382213331176,6,0.2573926060245031,S3
4,74,16,50,15,51,18,43.82592592592593,0.3249627782999789,6,0.47076638796572584,S3
4,87,40,39,23,56,41,61.57037037037037,0.3179356705832879,7,0.24163056434013644,S3
4,100,53,39,32,60,51,69.3,0.31654589661661586,7,inf,S3
4,93,44,41,31,54,10,56.483333333333334,0.3183932471166298,7,0.16649304147953492,S3
4,71,18,45,37,26,1,59.101851851851855,0.31817659558330075,7,0.11180510315225665,S3
4,82,25,49,27,47,10,49.72592592592592,0.3226974732999714,7,0.2813283439481768,S3
4,77,29,40,15,54,28,53.5537037037037,0.32049276061663173,7,0.23914861262714515,S3
4,80,28,44,15,57,18,46.068518518518516,0.3259303772666389,7,0.46213287658049984,S3
4,118,20,90,20,90,18,44.01296296296296,0.33693839418330107,7,inf,S3
4,71,29,34,39,24,1,63.68703703703704,0.31829670381662484,8,inf,S3
4,75,23,44,31,36,6,54.99444444444444,0.3213593276999687,8,0.6042060135040653,S3
4,72,27,37,15,49,28,53.718518518518515,0.32510403714996416,8,0.3924133686019429,S3
4,72,15,49,15,49,24,52.65925925925926,0.3303171117333003,8,0.27701430102248237,S3
4,120,46,66,29,83,15,51.3537037037037,0.33064240173329634,8,0.17861806829249677,S3
4,98,34,56,16,74,19,50.298148148148144,0.33297162236663314,8,inf,S3
4,116,59,49,52,56,23,69.19259259259259,0.32053566316660914,9,inf,S3
4,112,46,58,33,71,37,59.19814814814815,0.32356277306662035,9,0.4580804578563271,S3
4,78,29,41,15,55,30,57.257407407407406,0.329700408149961,9,0.27045659004010686,S3
4,87,25,54,35,44,10,58.80555555555555,0.32649259689996263,9,0.17052138562526464,S3
4,102,21,73,36,58,15,57.32037037037037,0.32756997126662435,9,0.1377155803929731,S3
4,98,34,56,15,75,19,50.62962962962963,0.3372402884499673,9,inf,S3
4,70,15,47,15,47,24,53.81111111111111,0.3334477758332993,9,0.40420396175069984,S3
4,61,38,15,20,33,16,74.41296296296296,0.3230911879832882,10,inf,S3
4,88,39,41,23,57,40,61.653703703703705,0.32480715778328706,10,0.39478141009228745,S3
4,62,38,16,20,34,16,72.97407407407407,0.3235768739499534,10,0.3457289905576636,S3
4,113,46,59,34,71,37,59.925925925925924,0.32650279061661747,10,0.1799085926637834,S3
4,62,17,37,15,39,28,58.53148148148148,0.3279345341166286,10,0.5559450121105215,S3
4,118,45,65,23,87,16,52.053703703703704,0.33729502391662697,10,inf,S3
4,96,34,54,15,73,21,52.27962962962963,0.3414049806832953,11,inf,S3
4,103,54,41,37,58,28,68.0925925925926,0.32636129154994875,11,inf,S3
4,82,38,36,15,59,20,59.66666666666667,0.33721407479996235,11,0.6952356975625891,S3
5,75,21,46,15,52,7,29.412962962962965,0.3059550405666531,0,0.10333053763542122,S3
5,60,36,16,32,20,11,60.090740740740735,0.2717371022166222,0,inf,S3
5,75,21,46,15,52,4,29.364814814814814,0.30892655231665195,0,0.04716530703212883,S3
5,63,21,34,15,40,7,33.087037037037035,0.3019417617333179,0,0.20063786932657876,S3
5,60,21,31,15,37,11,36.16851851851852,0.2906534034833103,0,0.6905176909663867,S3
5,61,15,38,15,38,4,27.307407407407407,0.3113063327999882,0,0.13230251177748595,S3
5,81,17,56,15,58,2,24.405555555555555,0.3155284341666574,0,inf,S3
5,60,36,16,32,20,7,57.88333333333333,0.271893336433295,0,0.5511664793955388,S3
5,92,25,59,15,69,6,28.968518518518515,0.30954050059998367,0,0.055999013722949624,S3
5,63,21,34,15,40,5,32.94074074074074,0.3042648118166556,0,0.09730173654128044,S3
5,74,21,45,15,51,7,30.91111111111111,0.30622802138331356,1,0.1446752925670297,S3
5,78,36,34,32,38,11,50.81666666666666,0.29285970459996685,1,0.7280763228545161,S3
5,118,21,89,21,89,1,27.49074074074074,0.3173380968833134,1,inf,S3
5,61,38,15,28,25,39,68.48333333333333,0.28181140648328307,1,inf,S3
5,75,21,46,16,51,4,30.805555555555557,0.3111694904166512,1,0.19808174793796085,S3
5,63,20,35,17,38,7,35.327777777777776,0.3048090563999824,1,0.4309392395713386,S3
5,82,25,49,17,57,10,32.79259259259259,0.308018158549981,2,0.15982736869124586,S3
5,74,21,45,15,51,6,31.546296296296294,0.3107176296666534,2,inf,S3
5,82,46,28,29,45,39,62.00555555555555,0.29509593551661806,2,0.41537049008844285,S3
5,83,41,34,41,34,7,58.266666666666666,0.29988136609995886,2,0.2458706309368534,S3
5,92,44,40,31,53,29,58.20555555555555,0.3040359106332867,2,0.4248021412203113,S3
5,60,37,15,27,25,39,70.12592592592593,0.2879836979166136,2,inf,S3
5,77,26,43,15,54,16,38.324074074074076,0.30744458171664646,2,0.4169410620950203,S3
5,92,25,59,23,61,6,33.951851851851856,0.30925491499998264,3,0.4829050222348732,S3
5,63,15,40,15,40,7,32.46296296296296,0.31181418546665396,3,0.32074780514757173,S3
5,74,15,51,15,51,7,32.00185185185185,0.3171991775166498,3,inf,S3
5,87,22,57,17,62,10,33.15925925925926,0.31143771836664946,3,0.15649201889753642,S3
5,93,44,41,31,54,29,58.4425925925926,0.30917550593328885,3,0.552641931924321,S3
5,79,46,25,26,45,38,66.77962962962962,0.30772645129995085,3,inf,S3
5,82,25,49,18,56,11,35.75925925925925,0.3107171853999777,4,0.6421170473480695,S3
5,64,26,30,22,34,16,52.03148148148148,0.30929792121663763,4,inf,S3
5,87,25,54,15,64,10,34.351851851851855,0.31150759166664704,4,0.45393868978223234,S3
5,62,15,39,15,39,7,33.635185185185186,0.31613495876665076,4,inf,S3
5,99,52,39,32,59,51,67.60555555555555,0.3117309270166141,5,inf,S3
5,82,25,49,19,55,10,35.98888888888889,0.3150202257166437,5,0.30130882968947675,S3
5,80,27,45,15,57,15,38.79814814814815,0.31275769659998126,5,0.7061338774145318,S3
5,74,21,45,15,51,10,35.794444444444444,0.31670316428331463,5,0.29386612258546824,S3
5,81,17,56,26,47,2,35.609259259259254,0.31948628243331584,5,inf,S3
5,115,63,44,52,55,23,68.59444444444445,0.312542668749945,6,inf,S3
5,81,17,56,27,46,3,38.2962962962963,0.3161890138833156,6,inf,S3
5,71,27,36,15,48,18,45.31666666666666,0.3142969057499733,6,0.5443762646525987,S3
5,93,43,42,32,53,29,60.242592592592594,0.31380452894995603,6,0.6246925297908248,S3
5,80,28,44,15,57,15,40.87407407407407,0.3154435188833096,6,0.3753074702091752,S3
5,81,17,56,27,46,2,38.51851851851851,0.32154351518331525,7,inf,S3
5,77,29,40,15,54,20,46.346296296296295,0.31474766819997296,7,inf,S3
5,115,41,66,24,83,2,42.17037037037037,0.3170267365333015,7,0.4722283935424175,S3
5,64,15,41,15,41,15,41.90185185185185,0.31730751574998256,7,0.5655813979982973,S3
5,93,29,56,15,70,2,38.75,0.32261793179997855,8,inf,S3
5,120,46,66,29,83,2,46.76296296296296,0.3160837924499663,8,0.49892181793619245,S3
5,119,46,65,37,74,18,50.80555555555556,0.315535169866632,8,inf,S3
5,66,21,37,15,43,16,43.987037037037034,0.32013217933330607,8,0.24822088563751993,S3
5,65,15,42,15,42,16,44.54814814814815,0.32002382213331176,8,0.10839484540432406,S3
5,97,33,56,29,60,2,42.2962962962963,0.32221701506663936,8,0.3926833366594835,S3
5,61,18,35,23,30,3,45.705555555555556,0.3196063567333122,8,0.37000085854751835,S3
5,99,25,66,28,63,2,42.26481481481481,0.33354020323330963,9,inf,S3
5,78,29,41,15,55,28,52.05185185185185,0.31602626509996506,9,0.5327920363628991,S3
5,80,38,34,31,41,29,65.52777777777777,0.3158720198499488,9,inf,S3
5,74,16,50,15,51,18,43.82592592592593,0.3249627782999789,9,0.39881387355298925,S3
5,82,25,49,27,47,10,49.72592592592592,0.3226974732999714,9,0.30717770070084616,S3
5,82,21,53,26,48,10,48.54259259259259,0.32421553216663707,9,0.190917919315924,S3
6,60,36,16,32,20,11,60.090740740740735,0.2717371022166222,0,inf,S3
6,60,21,31,15,37,11,36.16851851851852,0.2906534034833103,0,0.5528119193592184,S3
6,81,17,56,15,58,2,24.405555555555555,0.3155284341666574,0,0.1621938344936401,S3
6,60,36,16,32,20,7,57.88333333333333,0.271893336433295,0,0.5279353896776243,S3
6,61,17,36,15,38,2,27.335185185185185,0.29972985323332224,0,0.17634075351105466,S3
6,81,16,57,15,58,2,23.764814814814812,0.31934603376666054,0,inf,S3
6,63,19,36,15,40,7,32.614814814814814,0.29871034586665135,0,0.16000669537746112,S3
6,60,20,32,17,35,4,32.88703703703703,0.29177064109998463,0,0.13353002231768096,S3
6,118,24,86,21,89,1,26.53148148148148,0.3075282899499833,0,0.20624457261775941,S3
6,74,32,34,31,35,4,46.24074074074074,0.29175973659996934,1,0.707806265899041,S3
6,118,21,89,20,90,1,26.062962962962963,0.31644754688331533,1,inf,S3
6,61,38,15,28,25,39,68.48333333333333,0.28181140648328307,1,inf,S3
6,75,21,46,15,52,7,29.412962962962965,0.3059550405666531,1,0.13193206768419652,S3
6,63,21,34,15,40,7,33.087037037037035,0.3019417617333179,1,0.33728492984338876,S3
6,63,21,34,15,40,5,32.94074074074074,0.3042648118166556,1,0.10124038453707299,S3
6,75,15,52,17,50,4,26.957407407407405,0.30851866836665204,1,0.19095334956388593,S3
6,78,36,34,32,38,11,50.81666666666666,0.29285970459996685,2,0.7466623413133169,S3
6,60,37,15,27,25,39,70.12592592592593,0.2879836979166136,2,inf,S3
6,74,21,45,15,51,7,30.91111111111111,0.30622802138331356,2,0.1782942319471258,S3
6,63,21,34,16,39,7,34.65925925925926,0.303493777966646,2,0.5190363017803739,S3
6,75,21,46,15,52,4,29.364814814814814,0.30892655231665195,2,0.09369828176563039,S3
6,61,15,38,15,38,4,27.307407407407407,0.3113063327999882,2,inf,S3
6,92,25,59,15,69,6,28.968518518518515,0.30954050059998367,2,0.07504342673955747,S3
6,82,46,28,29,45,39,62.00555555555555,0.29509593551661806,3,inf,S3
6,83,41,34,41,34,7,58.266666666666666,0.29988136609995886,3,0.2375010540196659,S3
6,77,39,30,32,37,11,56.00370370370371,0.3017932740499591,3,0.20030245287450268,S3
6,82,25,49,17,57,10,32.79259259259259,0.308018158549981,3,0.11132159127009496,S3
6,74,23,43,16,50,7,33.992592592592594,0.3073420151499856,3,0.10886611343448203,S3
6,63,20,35,17,38,7,35.327777777777776,0.3048090563999824,3,0.31905883977121413,S3
6,64,26,30,22,34,15,50.57777777777778,0.30383678356663574,3,0.3673167546366322,S3
6,118,21,89,21,89,1,27.49074074074074,0.3173380968833134,3,inf,S3
6,74,21,45,15,51,6,31.546296296296294,0.3107176296666534,3,0.12355287144877322,S3
6,74,19,47,15,51,4,29.049999999999997,0.31110250934998507,3,0.20757791460118385,S3
6,62,35,19,31,23,29,71.18333333333332,0.2980790869832799,4,inf,S3
6,78,45,25,26,44,36,63.324074074074076,0.30087814296661763,4,0.36253743053529186,S3
6,92,25,59,23,61,6,33.951851851851856,0.30925491499998264,4,0.14596672389453957,S3
6,62,19,35,16,38,7,35.209259259259255,0.30848121584998606,4,0.11537732672685337,S3
6,77,26,43,15,54,16,38.324074074074076,0.30744458171664646,4,0.43218052287240116,S3
6,92,44,40,31,53,29,58.20555555555555,0.3040359106332867,4,0.5294918169796624,S3
6,75,21,46,16,51,4,30.805555555555557,0.3111694904166512,4,0.1633935149387055,S3
6,86,22,56,15,63,9,30.005555555555553,0.3126111057833164,4,inf,S3
6,82,25,49,18,56,11,35.75925925925925,0.3107171853999777,5,0.23857904965503585,S3
6,74,26,40,15,51,6,36.388888888888886,0.3088126463333153,5,0.4086952856036098,S3
6,64,26,30,21,35,15,50.42777777777778,0.3079835536999681,5,0.5105563698734021,S3
6,79,46,25,26,45,38,66.77962962962962,0.30772645129995085,5,inf,S3
6,63,15,40,15,40,7,32.46296296296296,0.31181418546665396,5,0.18184287594646575,S3
6,87,22,57,17,62,10,33.15925925925926,0.31143771836664946,5,0.12729388304526934,S3
6,93,26,59,15,70,2,32.07592592592592,0.3137045247499844,5,0.21334492945509353,S3
6,62,15,39,15,39,5,31.505555555555556,0.31453421194998793,5,inf,S3
6,79,28,43,18,53,15,41.529629629629625,0.3098074339499746,6,0.3873124511593098,S3
6,93,44,41,31,54,29,58.4425925925926,0.30917550593328885,6,0.25573216657211845,S3
6,64,26,30,22,34,16,52.03148148148148,0.30929792121663763,6,0.2800414241374935,S3
6,114,62,44,52,54,22,66.63703703703703,0.30852459444994623,6,inf,S3
6,87,25,54,15,64,10,34.351851851851855,0.31150759166664704,6,0.3438634964688463,S3
6,63,15,40,16,39,7,33.80185185185185,0.31363259371664914,6,0.29274532386198987,S3
6,62,15,39,15,39,7,33.635185185185186,0.31613495876665076,6,0.2193658966297726,S3
6,75,21,46,15,52,2,31.614814814814814,0.31671422683331946,6,inf,S3
6,99,52,39,32,59,51,67.60555555555555,0.3117309270166141,7,inf,S3
6,74,15,51,15,51,7,32.00185185185185,0.3171991775166498,7,inf,S3
6,80,27,45,15,57,15,38.79814814814815,0.31275769659998126,7,0.6676912112613637,S3
7,60,21,31,15,37,11,36.16851851851852,0.2906534034833103,0,0.5947271269946033,S3
7,81,17,56,15,58,2,24.405555555555555,0.3155284341666574,0,0.12880991456633706,S3
7,61,17,36,15,38,2,27.335185185185185,0.29972985323332224,0,0.1778770295353492,S3
7,63,19,36,15,40,7,32.614814814814814,0.29871034586665135,0,0.1615517708062058,S3
7,60,20,32,17,35,4,32.88703703703703,0.29177064109998463,0,0.12972295862243646,S3
7,118,24,86,21,89,1,26.53148148148148,0.3075282899499833,0,0.11491118763285389,S3
7,118,24,86,21,89,0,25.211111111111112,0.308752907699985,0,0.10585477269378604,S3
7,80,15,57,15,57,1,22.555555555555557,0.3183615345166555,0,inf,S3
7,61,35,18,32,21,7,53.11111111111111,0.26207552159996417,0,inf,S3
7,74,32,34,31,35,4,46.24074074074074,0.29175973659996934,1,0.6568785236502357,S3
7,75,21,46,15,52,7,29.412962962962965,0.3059550405666531,1,0.12703122421893595,S3
7,63,21,34,15,40,7,33.087037037037035,0.3019417617333179,1,0.31439603446255937,S3
7,63,21,34,15,40,5,32.94074074074074,0.3042648118166556,1,0.09271934412431276,S3
7,75,15,52,17,50,4,26.957407407407405,0.30851866836665204,1,0.1418648506331555,S3
7,117,21,88,20,89,0,25.87037037037037,0.3148201697666475,1,0.15765521269239002,S3
7,81,16,57,15,58,2,23.764814814814812,0.31934603376666054,1,inf,S3
7,60,36,16,32,20,11,60.090740740740735,0.2717371022166222,1,inf,S3
7,60,36,16,32,20,7,57.88333333333333,0.271893336433295,1,0.4009175286261146,S3
7,78,36,34,32,38,11,50.81666666666666,0.29285970459996685,2,0.4444792068574386,S3
7,64,27,29,21,35,15,48.638888888888886,0.29848850078330436,2,0.32321635353265693,S3
7,74,21,45,15,51,7,30.91111111111111,0.30622802138331356,2,0.1315038949337554,S3
7,63,21,34,16,39,7,34.65925925925926,0.303493777966646,2,0.30302894558113314,S3
7,75,21,46,15,52,4,29.364814814814814,0.30892655231665195,2,0.06557905596015545,S3
7,61,15,38,15,38,4,27.307407407407407,0.3113063327999882,2,0.08262252236419318,S3
7,92,25,59,15,69,6,28.968518518518515,0.30954050059998367,2,0.05463077697119507,S3
7,93,21,64,16,69,6,27.23148148148148,0.31432812589998327,2,0.08167238563687473,S3
7,118,21,89,20,90,1,26.062962962962963,0.31644754688331533,2,0.10429026923707964,S3
7,80,15,57,15,57,2,24.462962962962962,0.3198733195666579,2,inf,S3
7,61,38,15,28,25,39,68.48333333333333,0.28181140648328307,2,inf,S3
7,82,46,28,29,45,39,62.00555555555555,0.29509593551661806,3,0.38254644695935464,S3
7,83,41,34,41,34,7,58.266666666666666,0.29988136609995886,3,0.2074509421574808,S3
7,77,39,30,32,37,11,56.00370370370371,0.3017932740499591,3,0.3441744722903554,S3
7,82,25,49,17,57,10,32.79259259259259,0.308018158549981,3,0.09778432778762593,S3
7,74,23,43,16,50,7,33.992592592592594,0.3073420151499856,3,0.09541415111362253,S3
7,63,20,35,17,38,7,35.327777777777776,0.3048090563999824,3,0.0928260244505853,S3
7,60,19,33,17,35,6,35.57407407407407,0.30371419446665165,3,0.3038290281951325,S3
7,118,24,86,23,87,1,27.416666666666668,0.3123932420166476,3,inf,S3
7,73,18,47,15,50,4,27.444444444444443,0.31224490978331826,3,0.045560634854438974,S3
7,74,21,45,15,51,6,31.546296296296294,0.3107176296666534,3,0.07657140628224746,S3
7,74,19,47,15,51,4,29.049999999999997,0.31110250934998507,3,0.07261959133589999,S3
7,75,21,46,16,51,5,31.085185185185185,0.31078047338332043,3,0.037108093657639764,S3
7,60,37,15,27,25,39,70.12592592592593,0.2879836979166136,3,inf,S3
7,78,45,25,26,44,36,63.324074074074076,0.30087814296661763,4,0.38528207164968586,S3
7,87,21,58,17,62,10,32.91111111111111,0.3086463394499812,4,0.12018681520664692,S3
7,62,19,35,16,38,7,35.209259259259255,0.30848121584998606,4,0.16539311367643755,S3
7,64,26,30,22,34,15,50.57777777777778,0.30383678356663574,4,0.38431722763666976,S3
7,62,21,33,17,37,7,37.364814814814814,0.3042388469999807,4,0.2964491526903502,S3
7,118,21,89,21,89,1,27.49074074074074,0.3173380968833134,4,inf,S3
7,75,21,46,16,51,4,30.805555555555557,0.3111694904166512,4,0.14189478035668618,S3
7,72,15,49,15,49,6,29.387037037037036,0.31255848879998877,4,0.19808196045331702,S3
7,62,35,19,31,23,29,71.18333333333332,0.2980790869832799,4,inf,S3
7,82,48,26,29,45,39,65.9574074074074,0.30229933216661503,5,inf,S3
7,117,21,88,21,88,1,27.522222222222222,0.32145982533331346,5,inf,S3
7,77,35,34,31,38,10,53.69814814814815,0.3067690359499627,5,0.3419163889929479,S3
7,77,26,43,15,54,16,38.324074074074076,0.30744458171664646,5,0.2785034088862445,S3
7,91,44,39,31,52,29,57.633333333333326,0.3039679521832921,5,0.2761181804861094,S3
7,61,15,38,16,37,4,29.97222222222222,0.3160246609666576,5,0.26321600601540074,S3
7,86,22,56,15,63,9,30.005555555555553,0.3126111057833164,5,0.1422757120878082,S3
7,92,25,59,23,61,6,33.951851851851856,0.30925491499998264,5,0.11051617679880368,S3
7,74,26,40,15,51,6,36.388888888888886,0.3088126463333153,5,0.10411916262654963,S3
8,81,17,56,15,58,2,24.405555555555555,0.3155284341666574,0,0.08319350853438312,S3
8,61,17,36,15,38,2,27.335185185185185,0.29972985323332224,0,0.2398601033215065,S3
8,80,15,57,15,57,1,22.555555555555557,0.3183615345166555,0,0.06939894675279967,S3
8,61,35,18,32,21,7,53.11111111111111,0.26207552159996417,0,inf,S3
8,81,15,58,15,58,1,22.298148148148147,0.31957677298332404,0,inf,S3
8,74,18,48,15,51,4,26.44074074074074,0.305023984899988,0,0.07608262186596465,S3
8,75,15,52,15,52,4,24.872222222222224,0.30706002051665515,0,0.08029371109757184,S3
8,117,20,89,20,89,0,24.50185185185185,0.31242613094998534,0,0.08120934746112665,S3
8,72,15,49,15,49,3,25.546296296296298,0.3051412310333241,0,0.0431565229710378,S3
8,60,20,32,20,32,0,31.544444444444444,0.2869636898333176,0,0.7456861637505579,S3
8,74,20,46,16,50,7,29.416666666666668,0.3020818874499867,1,0.12015662414536368,S3
8,81,16,57,15,58,2,23.764814814814812,0.31934603376666054,1,inf,S3
8,60,36,16,32,20,11,60.090740740740735,0.2717371022166222,1,inf,S3
8,60,36,16,32,20,7,57.88333333333333,0.271893336433295,1,0.5183363157803406,S3
8,60,36,16,32,20,10,59.45925925925926,0.2718234828832918,1,0.03202416836612043,S3
8,118,24,86,21,89,0,25.211111111111112,0.308752907699985,1,0.0864935482363619,S3
8,80,17,55,15,57,2,24.512962962962963,0.3128016281166568,1,0.1311586762730449,S3
8,75,21,46,15,52,7,29.412962962962965,0.3059550405666531,1,0.09358356692181447,S3
8,118,25,85,22,88,0,25.577777777777776,0.30596144864998265,1,0.08721928758628618,S3
8,60,21,31,15,37,11,36.16851851851852,0.2906534034833103,1,0.5353973012012208,S3
8,63,19,36,15,40,7,32.614814814814814,0.29871034586665135,1,0.15605822063271363,S3
8,60,20,32,17,35,4,32.88703703703703,0.29177064109998463,1,0.09404394242796407,S3
8,60,21,31,17,35,4,33.403703703703705,0.29078960416665134,1,0.05690069804771458,S3
8,80,15,57,15,57,2,24.462962962962962,0.3198733195666579,2,inf,S3
8,60,34,18,32,20,11,59.888888888888886,0.27549152804995697,2,inf,S3
8,81,16,57,15,58,4,24.875925925925923,0.3179200408166547,2,0.06524547028253244,S3
8,75,15,52,17,50,1,25.385185185185186,0.3152372628333222,2,0.04895832589875213,S3
8,118,24,86,21,89,1,26.53148148148148,0.3075282899499833,2,0.1679429234910293,S3
8,117,21,88,20,89,0,25.87037037037037,0.3148201697666475,2,0.10302715108863394,S3
8,74,21,45,15,51,7,30.91111111111111,0.30622802138331356,2,0.12722596808968023,S3
8,63,21,34,15,40,7,33.087037037037035,0.3019417617333179,2,0.14430258384148062,S3
8,63,21,34,15,40,5,32.94074074074074,0.3042648118166556,2,0.07899941815853836,S3
8,74,32,34,31,35,4,46.24074074074074,0.29175973659996934,2,0.5601988266976727,S3
8,60,22,30,15,37,11,38.29259259259259,0.29816082636664526,2,0.3003602979138118,S3
8,61,38,15,32,21,7,60.16481481481481,0.27767325518329283,3,inf,S3
8,75,15,52,17,50,4,26.957407407407405,0.30851866836665204,3,0.20736772294847589,S3
8,118,21,89,20,90,1,26.062962962962963,0.31644754688331533,3,inf,S3
8,82,25,49,17,57,10,32.79259259259259,0.308018158549981,3,0.11832271669113958,S3
8,63,21,34,16,39,7,34.65925925925926,0.303493777966646,3,0.32891074123994946,S3
8,74,23,43,16,50,7,33.992592592592594,0.3073420151499856,3,0.0857115230540734,S3
8,78,36,34,32,38,11,50.81666666666666,0.29285970459996685,3,0.43740821818121844,S3
8,64,27,29,21,35,15,48.638888888888886,0.29848850078330436,3,0.37402715371097545,S3
8,62,36,18,31,23,29,64.7962962962963,0.27835635149995336,4,inf,S3
8,75,21,46,15,52,4,29.364814814814814,0.30892655231665195,4,0.06165166955490625,S3
8,61,15,38,15,38,4,27.307407407407407,0.3113063327999882,4,0.07892996786465235,S3
8,92,25,59,15,69,6,28.968518518518515,0.30954050059998367,4,0.0547138192164348,S3
8,93,21,64,16,69,6,27.23148148148148,0.31432812589998327,4,0.12572492920939551,S3
8,80,15,57,18,54,1,26.23148148148148,0.320793096883326,4,inf,S3
8,87,21,58,17,62,10,32.91111111111111,0.3086463394499812,4,0.08102137170570185,S3
8,63,20,35,17,38,7,35.327777777777776,0.3048090563999824,4,0.06089609108762121,S3
8,60,19,33,17,35,6,35.57407407407407,0.30371419446665165,4,0.2655842872986566,S3
8,62,19,35,16,38,7,35.209259259259255,0.30848121584998606,4,0.07654433018724478,S3
8,82,47,27,30,44,39,61.95185185185185,0.29300630436661634,4,0.33827079228896334,S3
8,83,41,34,41,34,7,58.266666666666666,0.29988136609995886,4,0.1806490500081428,S3
8,77,39,30,32,37,11,56.00370370370371,0.3017932740499591,4,0.08988191466122088,S3
8,74,32,34,34,32,4,53.10740740740741,0.30183270596663275,4,0.2875066986200683,S3
8,118,24,86,23,87,1,27.416666666666668,0.3123932420166476,5,inf,S3
8,61,38,15,28,25,39,68.48333333333333,0.28181140648328307,5,inf,S3
8,82,46,28,29,45,39,62.00555555555555,0.29509593551661806,5,0.4922972109723706,S3
8,91,44,39,31,52,28,57.261111111111106,0.30356506194995514,5,0.28204605160630336,S3
9,61,17,36,15,38,2,27.335185185185185,0.29972985323332224,0,0.19197345011494443,S3
9,61,35,18,32,21,7,53.11111111111111,0.26207552159996417,0,inf,S3
9,117,20,89,20,89,0,24.50185185185185,0.31242613094998534,0,0.1326029067463523,S3
9,61,17,36,15,38,0,26.625925925925927,0.3010311000333214,0,0.04548491228885703,S3
9,80,15,57,15,57,0,21.353703703703705,0.3128427655499902,0,inf,S3
9,118,24,86,22,88,0,24.76296296296296,0.3048290233333192,0,0.12416809505009158,S3
9,60,19,33,18,34,0,29.127777777777776,0.2855386228333213,0,0.7766780401959883,S3
9,62,16,38,15,39,2,25.379629629629626,0.3012219984833213,0,0.06673641024047106,S3
9,61,37,16,32,21,7,57.14629629629629,0.2704624419499613,1,inf,S3
9,80,17,55,15,57,2,24.512962962962963,0.3128016281166568,1,0.092906945563498,S3
9,81,17,56,15,58,2,24.405555555555555,0.3155284341666574,1,0.08468648328056644,S3
9,80,15,57,15,57,1,22.555555555555557,0.3183615345166555,1,0.07145042417743036,S3
9,81,15,58,15,58,1,22.298148148148147,0.31957677298332404,1,inf,S3
9,75,15,52,15,52,4,24.872222222222224,0.30706002051665515,1,0.09281158521412311,S3
9,60,20,32,20,32,0,31.544444444444444,0.2869636898333176,1,0.6058146732156576,S3
9,60,19,33,17,35,3,29.996296296296293,0.29170610236665323,1,0.1698689410524633,S3
9,63,19,36,17,38,2,29.52037037037037,0.30079699633331847,1,0.11394540100180967,S3
9,74,18,48,15,51,4,26.44074074074074,0.305023984899988,1,0.0866770586858275,S3
9,72,15,49,15,49,3,25.546296296296298,0.3051412310333241,1,0.043232558779344135,S3
9,74,20,46,16,50,7,29.416666666666668,0.3020818874499867,1,0.08721854737091488,S3
9,60,36,16,32,20,11,60.090740740740735,0.2717371022166222,2,inf,S3
9,60,36,16,32,20,7,57.88333333333333,0.271893336433295,2,0.5183363157803406,S3
9,60,36,16,32,20,10,59.45925925925926,0.2718234828832918,2,0.03202416836612043,S3
9,81,16,57,15,58,2,23.764814814814812,0.31934603376666054,2,inf,S3
9,118,24,86,21,89,0,25.211111111111112,0.308752907699985,2,0.12731448002297927,S3
9,81,16,57,15,58,4,24.875925925925923,0.3179200408166547,2,0.038207644697153806,S3
9,116,20,88,21,87,0,24.927777777777777,0.3172321682833189,2,0.1008889309652599,S3
9,60,21,31,15,37,11,36.16851851851852,0.2906534034833103,2,0.5353973012012208,S3
9,60,21,31,17,35,4,33.403703703703705,0.29078960416665134,2,0.05690069804771458,S3
9,60,20,32,17,35,4,32.88703703703703,0.29177064109998463,2,0.05823717854340895,S3
9,63,22,33,15,40,7,32.611111111111114,0.29529604823331906,2,0.1967859484153301,S3
9,75,21,46,15,52,7,29.412962962962965,0.3059550405666531,2,0.20881922716911683,S3
9,118,25,85,22,88,0,25.577777777777776,0.30596144864998265,2,0.08721928758628618,S3
9,60,34,18,31,21,11,58.1537037037037,0.27352077103329425,3,inf,S3
9,80,15,57,15,57,2,24.462962962962962,0.3198733195666579,3,inf,S3
9,75,15,52,17,50,1,25.385185185185186,0.3152372628333222,3,0.07539494264358809,S3
9,74,32,34,31,35,4,46.24074074074074,0.29175973659996934,3,0.560545875253581,S3
9,63,19,36,15,40,7,32.614814814814814,0.29871034586665135,3,0.19656760091696673,S3
9,60,22,30,15,37,11,38.29259259259259,0.29816082636664526,3,0.27719611555748497,S3
9,118,24,86,21,89,1,26.53148148148148,0.3075282899499833,3,0.08136395651106768,S3
9,117,21,88,20,89,0,25.87037037037037,0.3148201697666475,3,0.059463633275573524,S3
9,74,21,45,15,51,7,30.91111111111111,0.30622802138331356,3,0.1447405159990624,S3
9,61,20,33,15,38,0,28.807407407407407,0.30689020483332025,3,0.0790233849454987,S3
9,118,21,89,20,90,0,26.498148148148147,0.3112559227166467,3,0.08846819624036552,S3
9,60,34,18,32,20,11,59.888888888888886,0.27549152804995697,4,inf,S3
9,60,32,20,34,18,4,59.21296296296296,0.2842669707666276,4,0.34613609244855403,S3
9,78,36,34,32,38,11,50.81666666666666,0.29285970459996685,4,0.24596898040903883,S3
9,78,36,34,31,39,11,50.38333333333333,0.29372398321663024,4,0.10090852588812484,S3
9,63,21,34,15,40,7,33.087037037037035,0.3019417617333179,4,0.042731706167541475,S3
9,63,21,34,15,40,5,32.94074074074074,0.3042648118166556,4,0.07294800463125678,S3
9,60,19,33,15,37,7,33.69259259259259,0.30167490374998496,4,0.2720388145335127,S3
9,64,27,29,21,35,15,48.638888888888886,0.29848850078330436,4,0.3437817785273125,S3
9,75,15,52,17,50,4,26.957407407407405,0.30851866836665204,4,0.2079685624985516,S3
9,118,21,89,20,90,1,26.062962962962963,0.31644754688331533,4,inf,S3
9,73,21,44,15,50,7,32.04074074074074,0.3066502386333168,4,0.14037501631458862,S3
9,60,37,15,33,19,10,63.48703703703704,0.27606624834995586,5,inf,S3
9,80,15,57,18,54,1,26.23148148148148,0.320793096883326,5,inf,S3
9,61,38,15,32,21,7,60.16481481481481,0.27767325518329283,5,0.33629007106564696,S3
9,83,41,34,41,34,7,58.266666666666666,0.29988136609995886,5,0.3254824259707704,S3
9,63,21,34,16,39,7,34.65925925925926,0.303493777966646,5,0.30219912978435265,S3
10,80,15,57,15,57,0,21.353703703703705,0.3128427655499902,0,inf,S3
10,60,19,33,18,34,0,29.127777777777776,0.2855386228333213,0,0.5593206839878798,S3
10,60,37,15,36,16,9,60.318518518518516,0.26056921068329086,0,inf,S3
10,114,23,83,22,84,0,23.738888888888887,0.2968655869166552,0,0.2901514077563176,S3
10,60,34,18,32,20,0,49.492592592592594,0.26178286204996726,0,0.6390764579886399,S3
10,60,16,36,15,37,2,23.853703703703705,0.28586216921665725,0,0.17749386429144365,S3
10,80,15,57,15,57,1,22.555555555555557,0.3183615345166555,1,0.09190454672285357,S3
10,81,15,58,15,58,1,22.298148148148147,0.31957677298332404,1,inf,S3
10,60,20,32,19,33,0,30.63148148148148,0.28560900999998634,1,0.6327342539150838,S3
10,61,35,18,32,21,7,53.11111111111111,0.26207552159996417,1,inf,S3
10,117,20,89,20,89,0,24.50185185185185,0.31242613094998534,1,0.07633035771667734,S3
10,118,24,86,22,88,0,24.76296296296296,0.3048290233333192,1,0.12810714724245587,S3
10,60,19,33,17,35,3,29.996296296296293,0.29170610236665323,1,0.2045452460317128,S3
10,81,19,54,15,58,2,24.390740740740743,0.3129125873499908,1,0.08319350853438312,S3
10,61,18,35,15,38,0,25.28148148148148,0.29914838513332787,1,0.19903084164538531,S3
10,81,16,57,15,58,2,23.764814814814812,0.31934603376666054,2,inf,S3
10,60,20,32,20,32,0,31.544444444444444,0.2869636898333176,2,0.7454102226451537,S3
10,60,34,18,30,22,7,53.97222222222222,0.26917476736663054,2,inf,S3
10,80,17,55,15,57,2,24.512962962962963,0.3128016281166568,2,0.09211943044591846,S3
10,75,15,52,15,52,4,24.872222222222224,0.30706002051665515,2,0.12974627731031357,S3
10,81,17,56,15,58,2,24.405555555555555,0.3155284341666574,2,0.07760417570040601,S3
10,61,17,36,15,38,2,27.335185185185185,0.29972985323332224,2,0.21679396115857472,S3
10,62,16,38,15,39,2,25.379629629629626,0.3012219984833213,2,0.09392349700902433,S3
10,60,18,34,15,37,0,26.20925925925926,0.2998561741666602,2,0.04723932434412671,S3
10,79,15,56,15,56,1,24.11111111111111,0.3214883225499875,3,inf,S3
10,60,21,31,15,37,11,36.16851851851852,0.2906534034833103,3,0.5594570548122254,S3
10,60,21,31,17,35,4,33.403703703703705,0.29078960416665134,3,0.060768846997540274,S3
10,60,20,32,17,35,4,32.88703703703703,0.29177064109998463,3,0.05598315826663866,S3
10,63,22,33,15,40,7,32.611111111111114,0.29529604823331906,3,0.13917485110970615,S3
10,61,35,18,32,21,10,57.007407407407406,0.2702045115166263,3,inf,S3
10,118,24,86,21,89,0,25.211111111111112,0.308752907699985,3,0.12728362883127045,S3
10,81,16,57,15,58,4,24.875925925925923,0.3179200408166547,3,0.03281519164466446,S3
10,116,20,88,21,87,0,24.927777777777777,0.3172321682833189,3,0.09447105421443511,S3
10,80,15,57,15,57,2,24.462962962962962,0.3198733195666579,3,0.04641418718266384,S3
10,72,15,49,15,49,3,25.546296296296298,0.3051412310333241,3,0.055045234097316376,S3
10,61,17,36,15,38,0,26.625925925925927,0.3010311000333214,3,0.08801987565577396,S3
10,63,19,36,17,38,2,29.52037037037037,0.30079699633331847,3,0.14688533846315455,S3
10,74,18,48,15,51,4,26.44074074074074,0.305023984899988,3,0.056481994593649845,S3
10,74,32,34,31,35,4,46.24074074074074,0.29175973659996934,4,0.6277804781082448,S3
10,60,20,32,22,30,0,34.41111111111111,0.29370880226665164,4,0.2951222014520908,S3
10,63,19,36,15,40,7,32.614814814814814,0.29871034586665135,4,0.1758650170163461,S3
10,61,37,16,32,21,7,57.14629629629629,0.2704624419499613,4,inf,S3
10,118,20,90,22,88,0,25.362962962962964,0.3134918844333159,4,inf,S3
10,118,25,85,22,88,0,25.577777777777776,0.30596144864998265,4,0.15129039176154496,S3
10,74,20,46,16,50,7,29.416666666666668,0.3020818874499867,4,0.13455297713709877,S3
10,75,21,46,15,52,7,29.412962962962965,0.3059550405666531,4,0.1054718497946506,S3
10,78,36,34,32,38,11,50.81666666666666,0.29285970459996685,5,0.35897791291247927,S3
10,60,22,30,15,37,11,38.29259259259259,0.29816082636664526,5,0.3318516422160014,S3
10,78,36,34,31,39,11,50.38333333333333,0.29372398321663024,5,0.24136548375593797,S3
10,63,21,34,15,40,7,33.087037037037035,0.3019417617333179,5,0.04060081428290503,S3
10,60,19,33,15,37,7,33.69259259259259,0.30167490374998496,5,0.11845486481738943,S3
10,60,36,16,32,20,11,60.090740740740735,0.2717371022166222,5,inf,S3
10,60,36,16,32,20,7,57.88333333333333,0.271893336433295,5,0.3663078587489962,S3
10,60,36,16,32,20,10,59.45925925925926,0.2718234828832918,5,0.03359772055711243,S3
10,75,15,52,17,50,1,25.385185185185186,0.3152372628333222,5,inf,S3
10,118,24,86,21,89,1,26.53148148148148,0.3075282899499833,5,0.08336239099761616,S3
10,61,20,33,15,38,0,28.807407407407407,0.30689020483332025,5,0.07804251372899247,S3
10,117,22,87,21,88,1,25.777777777777775,0.3103454028833168,5,0.10512315021543352,S3
10,63,21,34,15,40,5,32.94074074074074,0.3042648118166556,5,0.08061555094375912,S3
10,74,21,45,15,51,7,30.91111111111111,0.30622802138331356,5,0.08972540312300764,S3
11,60,19,33,18,34,0,29.127777777777776,0.2855386228333213,0,0.12738336876453105,S3
11,60,37,15,36,16,9,60.318518518518516,0.26056921068329086,0,inf,S3
11,60,34,18,32,20,0,49.492592592592594,0.26178286204996726,0,0.5872099324210327,S3
11,60,16,36,15,37,2,23.853703703703705,0.28586216921665725,0,0.1520426962896047,S3
11,60,21,31,19,33,0,30.12962962962963,0.28107381388331915,0,0.4963448997930074,S3
11,61,15,38,15,38,0,22.275925925925925,0.29717015348332515,0,0.20304027178085976,S3
11,61,17,36,15,38,0,23.687037037037033,0.2938098872833232,0,0.13407141313856683,S3
11,77,15,54,15,54,0,20.609259259259257,0.3100766974833247,0,inf,S3
11,61,35,18,32,21,7,53.11111111111111,0.26207552159996417,1,inf,S3
11,60,19,33,17,35,3,29.996296296296293,0.29170610236665323,1,0.15639288872983093,S3
11,60,20,32,19,33,0,30.63148148148148,0.28560900999998634,1,0.6439863608988662,S3
11,60,15,37,15,37,0,23.22222222222222,0.300186263916657,1,0.19146204220653246,S3
11,114,23,83,22,84,0,23.738888888888887,0.2968655869166552,1,0.09917981614766636,S3
11,60,17,35,15,37,2,27.046296296296294,0.2960448959833194,1,0.14664270999452308,S3
11,80,15,57,15,57,0,21.353703703703705,0.3128427655499902,1,0.16925414177855805,S3
11,75,15,52,15,52,1,20.762962962962963,0.3137499519833245,1,inf,S3
11,60,34,18,30,22,7,53.97222222222222,0.26917476736663054,2,0.5612954314219674,S3
11,61,35,18,33,20,7,54.36851851851851,0.2642155736832976,2,inf,S3
11,60,20,32,20,32,0,31.544444444444444,0.2869636898333176,2,0.6422118179291826,S3
11,117,20,89,20,89,0,24.50185185185185,0.31242613094998534,2,0.07881069699293146,S3
11,118,24,86,22,88,0,24.76296296296296,0.3048290233333192,2,0.1320742225821241,S3
11,61,18,35,15,38,0,25.28148148148148,0.29914838513332787,2,0.13519625903509253,S3
11,60,17,35,18,34,0,28.45740740740741,0.2962372719999901,2,0.2076913181343824,S3
11,81,19,54,15,58,2,24.390740740740743,0.3129125873499908,2,0.02513285904490855,S3
11,80,15,57,15,57,1,22.555555555555557,0.3183615345166555,2,0.05113301346682585,S3
11,81,15,58,15,58,1,22.298148148148147,0.31957677298332404,2,inf,S3
11,75,15,52,17,50,1,23.837037037037035,0.3140612705666556,2,0.04168023494510572,S3
11,78,15,55,15,55,1,23.607407407407408,0.3161753005499891,2,0.058817460145507025,S3
11,60,35,17,32,20,7,56.16481481481481,0.26733226884996125,3,inf,S3
11,60,21,31,15,37,11,36.16851851851852,0.2906534034833103,3,0.5767433259295592,S3
11,60,21,31,17,35,4,33.403703703703705,0.29078960416665134,3,0.061379972771479434,S3
11,60,20,32,17,35,4,32.88703703703703,0.29177064109998463,3,0.05555109295650357,S3
11,63,22,33,15,40,7,32.611111111111114,0.29529604823331906,3,0.1621873588815571,S3
11,80,17,55,15,57,2,24.512962962962963,0.3128016281166568,3,0.08860715157129093,S3
11,75,15,52,15,52,4,24.872222222222224,0.30706002051665515,3,0.12429161899926836,S3
11,61,17,36,15,38,2,27.335185185185185,0.29972985323332224,3,0.14262977104160005,S3
11,62,16,38,15,39,2,25.379629629629626,0.3012219984833213,3,0.026328370543772135,S3
11,60,18,34,15,37,0,26.20925925925926,0.2998561741666602,3,0.04452208002129232,S3
11,62,16,38,15,39,1,25.366666666666664,0.30124238244998874,3,0.06395033295486316,S3
11,81,17,56,15,58,2,24.405555555555555,0.3155284341666574,3,0.07445582052929668,S3
11,81,16,57,15,58,2,23.764814814814812,0.31934603376666054,3,inf,S3
11,61,35,18,32,21,10,57.007407407407406,0.2702045115166263,4,inf,S3
11,74,32,34,31,35,4,46.24074074074074,0.29175973659996934,4,0.57260639294001,S3
11,60,20,32,22,30,0,34.41111111111111,0.29370880226665164,4,0.27487037074395704,S3
11,63,19,36,15,40,7,32.614814814814814,0.29871034586665135,4,0.14344325590980053,S3
11,118,24,86,21,89,0,25.211111111111112,0.308752907699985,4,0.12728362883127045,S3
11,61,17,36,15,38,0,26.625925925925927,0.3010311000333214,4,0.0766415130599182,S3
11,63,19,36,17,38,2,29.52037037037037,0.30079699633331847,4,0.1136533724573667,S3
11,72,15,49,15,49,3,25.546296296296298,0.3051412310333241,4,0.06642359669317213,S3
11,61,16,37,15,38,2,25.89074074074074,0.3029995086333211,4,0.05648199459364984,S3
11,81,16,57,15,58,4,24.875925925925923,0.3179200408166547,4,0.03281519164466446,S3
11,116,20,88,21,87,0,24.927777777777777,0.3172321682833189,4,0.09447105421443511,S3
11,79,15,56,15,56,1,24.11111111111111,0.3214883225499875,4,inf,S3
11,80,15,57,15,57,2,24.462962962962962,0.3198733195666579,4,0.04641418718266384,S3
11,80,18,54,15,57,2,25.118518518518517,0.3194624908333261,5,inf,S3
11,61,37,16,32,21,7,57.14629629629629,0.2704624419499613,5,inf,S3
11,78,36,34,32,38,11,50.81666666666666,0.29285970459996685,5,0.34294207648589137,S3
11,60,21,31,16,36,11,40.135185185185186,0.298050382833311,5,0.23402783966525512,S3
11,78,36,34,31,39,11,50.38333333333333,0.29372398321663024,5,0.2197194485174333,S3
11,118,20,90,22,88,0,25.362962962962964,0.3134918844333159,5,0.1449353013531318,S3
12,60,19,33,18,34,0,29.127777777777776,0.2855386228333213,0,0.12738336876453105,S3
12,60,37,15,36,16,9,60.318518518518516,0.26056921068329086,0,inf,S3
12,60,34,18,32,20,0,49.492592592592594,0.26178286204996726,0,0.5749449082670546,S3
12,60,16,36,15,37,2,23.853703703703705,0.28586216921665725,0,0.1520426962896047,S3
12,60,21,31,19,33,0,30.12962962962963,0.28107381388331915,0,0.06997212366248104,S3
12,61,15,38,15,38,0,22.275925925925925,0.29717015348332515,0,0.16357787842596802,S3
12,61,17,36,15,38,0,23.687037037037033,0.2938098872833232,0,0.10445465463156794,S3
12,77,15,54,15,54,0,20.609259259259257,0.3100766974833247,0,inf,S3
12,61,16,37,15,38,0,23.392592592592592,0.29562985418332516,0,0.051704986104990296,S3
12,77,16,53,15,54,0,21.20925925925926,0.30910444443332596,0,0.15133528567586949,S3
12,60,20,32,20,32,0,30.179629629629627,0.27992173029998746,0,0.4386378002845045,S3
12,61,35,18,32,21,7,53.11111111111111,0.26207552159996417,1,inf,S3
12,60,35,17,32,20,0,52.28703703703703,0.2661126967666342,1,0.5751731533439447,S3
12,60,19,33,17,35,3,29.996296296296293,0.29170610236665323,1,0.15639288872983093,S3
12,60,15,37,15,37,0,23.22222222222222,0.300186263916657,1,0.19146204220653246,S3
12,75,15,52,15,52,1,20.762962962962963,0.3137499519833245,1,inf,S3
12,114,23,83,22,84,0,23.738888888888887,0.2968655869166552,1,0.09917981614766636,S3
12,60,17,35,15,37,2,27.046296296296294,0.2960448959833194,1,0.14664270999452308,S3
12,80,15,57,15,57,0,21.353703703703705,0.3128427655499902,1,0.16925414177855805,S3
12,60,20,32,19,33,0,30.63148148148148,0.28560900999998634,1,0.5921852164237288,S3
12,60,34,18,32,20,7,53.86851851851852,0.2641060158332966,2,inf,S3
12,61,35,18,32,21,1,52.82222222222222,0.27351332549996404,2,0.5602420334296256,S3
12,63,15,40,15,40,0,23.32962962962963,0.30152266643332504,2,0.22747419165310664,S3
12,81,15,58,15,58,0,21.23148148148148,0.3164749852499908,2,inf,S3
12,61,18,35,15,38,0,25.28148148148148,0.29914838513332787,2,0.12902068519004567,S3
12,60,17,35,18,34,0,28.45740740740741,0.2962372719999901,2,0.21228377491726774,S3
12,60,20,32,20,32,0,31.544444444444444,0.2869636898333176,2,0.5902294367750729,S3
12,60,34,18,30,22,7,53.97222222222222,0.26917476736663054,3,0.1719010804892847,S3
12,61,35,18,33,20,7,54.36851851851851,0.2642155736832976,3,inf,S3
12,60,34,18,30,22,0,53.4574074074074,0.2816760759666336,3,0.47155883736141385,S3
12,118,24,86,22,88,0,24.76296296296296,0.3048290233333192,3,0.09583631131643801,S3
12,78,16,54,15,55,5,23.933333333333334,0.3093793294499894,3,0.08661486378715093,S3
12,83,18,57,15,60,2,23.59259259259259,0.3123988870833243,3,0.10260419007598257,S3
12,80,15,57,15,57,1,22.555555555555557,0.3183615345166555,3,0.08500908161771212,S3
12,81,15,58,15,58,1,22.298148148148147,0.31957677298332404,3,inf,S3
12,61,17,36,15,38,2,27.335185185185185,0.29972985323332224,3,0.09265412324896512,S3
12,62,16,38,15,39,2,25.379629629629626,0.3012219984833213,3,0.02565629439050051,S3
12,60,18,34,15,37,0,26.20925925925926,0.2998561741666602,3,0.04396496251023094,S3
12,62,16,38,15,39,1,25.366666666666664,0.30124238244998874,3,0.04219146627492117,S3
12,60,18,34,20,32,0,30.377777777777776,0.29679315641665427,3,0.12229979336197297,S3
12,60,21,31,15,37,11,36.16851851851852,0.2906534034833103,3,0.39496128351110243,S3
12,60,21,31,17,35,4,33.403703703703705,0.29078960416665134,3,0.06125108117572229,S3
12,60,20,32,17,35,4,32.88703703703703,0.29177064109998463,3,0.04079414099270993,S3
12,63,22,33,15,40,7,32.611111111111114,0.29529604823331906,3,0.06060386730390611,S3
12,61,20,33,22,31,0,32.84444444444444,0.29434101284998504,3,0.036141936280013866,S3
12,60,35,17,32,20,7,56.16481481481481,0.26733226884996125,4,inf,S3
12,75,15,52,15,52,4,24.872222222222224,0.30706002051665515,4,0.08632530700797902,S3
12,117,20,89,20,89,0,24.50185185185185,0.31242613094998534,4,0.06392883598795734,S3
12,81,19,54,15,58,2,24.390740740740743,0.3129125873499908,4,0.02590341554187671,S3
12,75,15,52,17,50,1,23.837037037037035,0.3140612705666556,4,0.04344850520302582,S3
12,78,15,55,15,55,1,23.607407407407408,0.3161753005499891,4,0.05758952611407548,S3
12,78,15,55,15,55,1,23.196296296296293,0.31900901548332306,4,inf,S3
12,61,17,36,15,38,0,26.625925925925927,0.3010311000333214,4,0.07635737977711543,S3
12,63,19,36,17,38,2,29.52037037037037,0.30079699633331847,4,0.11328191914072708,S3
12,72,15,49,15,49,3,25.546296296296298,0.3051412310333241,4,0.0547344462325222,S3
12,61,16,37,15,38,2,25.89074074074074,0.3029995086333211,4,0.05614134765676702,S3
12,74,32,34,31,35,4,46.24074074074074,0.29175973659996934,4,0.20959271401589522,S3
12,74,33,33,32,34,1,46.40555555555556,0.29084744319996864,4,0.386857079760313,S3
12,60,20,32,22,30,0,34.41111111111111,0.29370880226665164,4,0.27390140477826164,S3
12,63,19,36,15,40,7,32.614814814814814,0.29871034586665135,4,0.14275493856898902,S3
13,60,19,33,18,34,0,29.127777777777776,0.2855386228333213,0,0.12738336876453105,S3
13,60,37,15,36,16,9,60.318518518518516,0.26056921068329086,0,inf,S3
13,60,34,18,32,20,0,49.492592592592594,0.26178286204996726,0,0.552775449963923,S3
13,60,16,36,15,37,2,23.853703703703705,0.28586216921665725,0,0.1520426962896047,S3
13,60,21,31,19,33,0,30.12962962962963,0.28107381388331915,0,0.06997212366248104,S3
13,61,15,38,15,38,0,22.275925925925925,0.29717015348332515,0,0.16357787842596802,S3
13,61,17,36,15,38,0,23.687037037037033,0.2938098872833232,0,0.10445465463156794,S3
13,77,15,54,15,54,0,20.609259259259257,0.3100766974833247,0,inf,S3
13,61,16,37,15,38,0,23.392592592592592,0.29562985418332516,0,0.051704986104990296,S3
13,77,16,53,15,54,0,21.20925925925926,0.30910444443332596,0,0.15133528567586949,S3
13,60,20,32,20,32,0,30.179629629629627,0.27992173029998746,0,0.03443448245710966,S3
13,60,21,31,20,32,0,30.916666666666664,0.27864552229998646,0,0.4263727761305264,S3
13,61,35,18,32,21,7,53.11111111111111,0.26207552159996417,1,inf,S3
13,60,34,18,31,21,1,50.57222222222222,0.2656829985499672,1,0.5539166840224459,S3
13,60,34,18,32,20,4,51.76296296296296,0.26211875918330124,1,0.07414900966076063,S3
13,60,19,33,17,35,3,29.996296296296293,0.29170610236665323,1,0.15639288872983093,S3
13,60,15,37,15,37,0,23.22222222222222,0.300186263916657,1,0.17882262698836962,S3
13,75,15,52,15,52,1,20.762962962962963,0.3137499519833245,1,inf,S3
13,75,15,52,15,52,0,20.831481481481482,0.31070227441665604,1,0.16925414177855805,S3
13,114,23,83,22,84,0,23.738888888888887,0.2968655869166552,1,0.0730501916253729,S3
13,60,17,35,15,37,2,27.046296296296294,0.2960448959833194,1,0.11370930569720292,S3
13,60,15,37,15,37,3,25.63148148148148,0.29648527218332404,1,0.05906302881961363,S3
13,60,20,32,19,33,0,30.63148148148148,0.28560900999998634,1,0.5698373512381055,S3
13,60,35,17,32,20,0,52.28703703703703,0.2661126967666342,2,0.5602420334296256,S3
13,60,34,18,32,20,7,53.86851851851852,0.2641060158332966,2,inf,S3
13,63,15,40,15,40,0,23.32962962962963,0.30152266643332504,2,0.17893054495607574,S3
13,80,15,57,15,57,0,21.353703703703705,0.3128427655499902,2,0.17490300577668624,S3
13,81,15,58,15,58,0,21.23148148148148,0.3164749852499908,2,inf,S3
13,61,18,35,15,38,0,25.28148148148148,0.29914838513332787,2,0.08844157790871285,S3
13,60,15,37,15,37,2,25.088888888888885,0.3000953791333263,2,0.0525711858764204,S3
13,60,17,35,18,34,0,28.45740740740741,0.2962372719999901,2,0.21228377491726774,S3
13,60,20,32,20,32,0,31.544444444444444,0.2869636898333176,2,0.6526889194490559,S3
13,61,35,18,32,21,1,52.82222222222222,0.27351332549996404,3,0.182775548847178,S3
13,60,34,18,30,22,6,53.63333333333333,0.2727733797332988,3,0.05914476572621817,S3
13,60,34,18,30,22,7,53.97222222222222,0.26917476736663054,3,0.09332156589915709,S3
13,61,35,18,33,20,7,54.36851851851851,0.2642155736832976,3,inf,S3
13,118,24,86,22,88,0,24.76296296296296,0.3048290233333192,3,0.09991129448886996,S3
13,78,16,54,15,55,5,23.933333333333334,0.3093793294499894,3,0.09046563035209987,S3
13,83,18,57,15,60,2,23.59259259259259,0.3123988870833243,3,0.05984477678418649,S3
13,74,15,51,15,51,0,23.48148148148148,0.31489833424998637,3,0.06904939018422285,S3
13,83,17,58,15,60,0,21.52592592592593,0.3163153504499874,3,inf,S3
13,61,17,36,15,38,2,27.335185185185185,0.29972985323332224,3,0.09285777040311477,S3
13,60,18,34,15,37,0,26.20925925925926,0.2998561741666602,3,0.04409171135743874,S3
13,62,16,38,15,39,2,25.379629629629626,0.3012219984833213,3,0.02613114120515242,S3
13,62,16,38,15,39,1,25.366666666666664,0.30124238244998874,3,0.044004725039297206,S3
13,60,18,34,20,32,0,30.377777777777776,0.29679315641665427,3,0.12287249239213141,S3
13,60,21,31,15,37,11,36.16851851851852,0.2906534034833103,3,0.29810419184998893,S3
13,60,21,31,17,35,4,33.403703703703705,0.29078960416665134,3,0.06067980674658003,S3
13,60,20,32,17,35,4,32.88703703703703,0.29177064109998463,3,0.04259700034099536,S3
13,63,22,33,15,40,7,32.611111111111114,0.29529604823331906,3,0.0610860100706125,S3
13,61,20,33,22,31,0,32.84444444444444,0.29434101284998504,3,0.03803395987313195,S3
13,74,36,30,35,31,4,51.80925925925926,0.28892489429996554,3,0.41803101726518077,S3
13,81,15,58,15,58,1,22.298148148148147,0.31957677298332404,4,inf,S3
13,81,56,17,53,20,7,66.15185185185186,0.26497839096661635,4,inf,S3
13,60,35,17,32,20,7,56.16481481481481,0.26733226884996125,4,0.2526329135459386,S3
13,60,34,18,30,22,0,53.4574074074074,0.2816760759666336,4,0.20940848594461053,S3
13,60,20,32,22,30,0,34.41111111111111,0.29370880226665164,4,0.18005819456410563,S3
13,74,33,33,32,34,1,46.40555555555556,0.29084744319996864,4,0.17462510472313514,S3
13,74,32,34,31,35,4,46.24074074074074,0.29175973659996934,4,0.1629589029549801,S3
13,60,32,20,31,21,9,55.681481481481484,0.27952935213329716,4,0.1622260664497051,S3
14,60,37,15,36,16,9,60.318518518518516,0.26056921068329086,0,inf,S3
14,60,34,18,32,20,0,49.492592592592594,0.26178286204996726,0,0.47567958193233617,S3
14,60,16,36,15,37,2,23.853703703703705,0.28586216921665725,0,0.15383384790436114,S3
14,60,21,31,19,33,0,30.12962962962963,0.28107381388331915,0,0.06818097204772458,S3
14,61,17,36,15,38,0,23.687037037037033,0.2938098872833232,0,0.10445465463156794,S3
14,77,15,54,15,54,0,20.609259259259257,0.3100766974833247,0,inf,S3
14,61,16,37,15,38,0,23.392592592592592,0.29562985418332516,0,0.051560272505825025,S3
14,60,20,32,20,32,0,30.179629629629627,0.27992173029998746,0,0.03443448245710966,S3
14,60,21,31,20,32,0,30.916666666666664,0.27864552229998646,0,0.4263727761305264,S3
14,63,15,40,15,40,1,22.11111111111111,0.2969503419333242,0,0.13871123620721917,S3
14,75,16,51,15,52,0,20.655555555555555,0.30595194486665794,0,0.15147999927503472,S3
14,60,35,17,32,20,8,54.638888888888886,0.26112178238329603,0,0.1485721321365282,S3
14,60,18,34,18,34,0,26.44259259259259,0.2820135195499889,0,0.12738336876453102,S3
14,61,35,18,32,21,7,53.11111111111111,0.26207552159996417,1,0.08317899886301755,S3
14,60,34,18,31,21,1,50.57222222222222,0.2656829985499672,1,0.12195143584731451,S3
14,60,34,18,32,20,4,51.76296296296296,0.26211875918330124,1,0.06917798288900268,S3
14,60,33,19,31,21,0,50.42962962962962,0.27301252859996705,1,0.4833142853116271,S3
14,60,17,35,15,37,1,25.557407407407403,0.2901520794999935,1,0.1433786652293556,S3
14,60,17,35,15,37,0,24.748148148148147,0.29428887336665743,1,0.08884004591180603,S3
14,114,23,83,22,84,0,23.738888888888887,0.2968655869166552,1,0.061353484900455973,S3
14,61,15,38,15,38,0,22.275925925925925,0.29717015348332515,1,0.1511724667726647,S3
14,77,16,53,15,54,0,21.20925925925926,0.30910444443332596,1,0.1485789187501712,S3
14,75,15,52,15,52,1,20.762962962962963,0.3137499519833245,1,inf,S3
14,75,15,52,15,52,0,20.831481481481482,0.31070227441665604,1,0.050325797552500315,S3
14,61,37,16,35,18,7,57.18333333333334,0.2611975143332956,1,inf,S3
14,60,19,33,18,34,0,29.127777777777776,0.2855386228333213,1,0.5045312550526969,S3
14,60,35,17,32,20,0,52.28703703703703,0.2661126967666342,2,0.5612946489723689,S3
14,60,34,18,32,20,7,53.86851851851852,0.2641060158332966,2,inf,S3
14,61,17,36,15,38,3,26.562962962962963,0.2915358003666528,2,0.1804427127089407,S3
14,60,15,37,15,37,3,25.63148148148148,0.29648527218332404,2,0.09231452862302059,S3
14,60,15,37,15,37,0,23.22222222222222,0.300186263916657,2,0.1381622455698463,S3
14,61,18,35,15,38,0,25.28148148148148,0.29914838513332787,2,0.042780525260671415,S3
14,60,15,37,15,37,2,25.088888888888885,0.3000953791333263,2,0.04145718089775934,S3
14,80,15,57,15,57,0,21.353703703703705,0.3128427655499902,2,0.039238612949422595,S3
14,81,15,58,15,58,0,21.23148148148148,0.3164749852499908,2,inf,S3
14,74,15,51,15,51,1,22.71481481481481,0.3107567992666551,2,0.14677839780592472,S3
14,77,17,52,15,54,0,21.383333333333333,0.3126088733333245,2,0.040768299386229445,S3
14,60,20,32,19,33,0,30.63148148148148,0.28560900999998634,2,0.6368238901396606,S3
14,61,35,18,32,21,1,52.82222222222222,0.27351332549996404,3,0.472187613851908,S3
14,60,34,18,30,22,6,53.63333333333333,0.2727733797332988,3,0.05914476572621817,S3
14,60,34,18,30,22,7,53.97222222222222,0.26917476736663054,3,0.09332156589915709,S3
14,61,35,18,33,20,7,54.36851851851851,0.2642155736832976,3,inf,S3
14,60,19,33,17,35,3,29.996296296296293,0.29170610236665323,3,0.10435864414729798,S3
14,60,17,35,15,37,2,27.046296296296294,0.2960448959833194,3,0.10087426351268361,S3
14,60,18,34,17,35,3,29.564814814814817,0.29466819934998545,3,0.08655046517908185,S3
14,63,15,40,15,40,0,23.32962962962963,0.30152266643332504,3,0.18626969009153335,S3
14,60,18,34,15,37,0,26.20925925925926,0.2998561741666602,3,0.07505805302939755,S3
14,62,16,38,15,39,2,25.379629629629626,0.3012219984833213,3,0.02613114120515242,S3
14,62,16,38,15,39,1,25.366666666666664,0.30124238244998874,3,0.03409497412100959,S3
14,83,17,58,15,60,0,21.52592592592593,0.3163153504499874,3,inf,S3
14,78,15,55,16,54,0,22.414814814814815,0.3159689370999884,3,0.16942477145461032,S3
14,60,20,32,21,31,0,31.52962962962963,0.28691095501664987,3,0.5221004694259835,S3
14,81,56,17,53,20,7,66.15185185185186,0.26497839096661635,4,inf,S3
14,82,16,58,15,59,0,22.075925925925926,0.3206176456833224,4,inf,S3
14,60,34,18,30,22,0,53.4574074074074,0.2816760759666336,4,0.43085165906890377,S3
14,60,20,32,20,32,0,31.544444444444444,0.2869636898333176,4,0.4144551515562923,S3
14,60,17,35,18,34,0,28.45740740740741,0.2962372719999901,4,0.16247272574992508,S3
14,60,33,19,31,21,9,54.92962962962963,0.2685394530499627,4,0.15961306041048354,S3
14,60,35,17,32,20,7,56.16481481481481,0.26733226884996125,4,0.1593069214014147,S3
14,118,24,86,22,88,0,24.76296296296296,0.3048290233333192,4,0.1253054584901765,S3
15,60,34,18,32,20,0,49.492592592592594,0.26178286204996726,0,0.4994241882459157,S3
15,60,16,36,15,37,2,23.853703703703705,0.28586216921665725,0,0.17235261761268525,S3
15,61,17,36,15,38,0,23.687037037037033,0.2938098872833232,0,0.10203235552052888,S3
15,77,15,54,15,54,0,20.609259259259257,0.3100766974833247,0,inf,S3
15,61,16,37,15,38,0,23.392592592592592,0.29562985418332516,0,0.05097038250557358,S3
15,63,15,40,15,40,1,22.11111111111111,0.2969503419333242,0,0.13644914517402626,S3
15,75,16,51,15,52,0,20.655555555555555,0.30595194486665794,0,0.1483415137233077,S3
15,60,35,17,32,20,8,54.638888888888886,0.26112178238329603,0,0.12891129791251776,S3
15,60,37,15,36,16,8,59.90555555555555,0.2592907583499595,0,inf,S3
15,60,17,35,17,35,0,23.91111111111111,0.2765932981333206,0,0.5632919313588518,S3
15,60,34,18,33,19,0,51.48518518518518,0.26150216166663365,0,0.07198916971455992,S3
15,60,34,18,31,21,1,50.57222222222222,0.2656829985499672,1,0.1192760608807299,S3
15,60,33,19,31,21,0,50.42962962962962,0.27301252859996705,1,0.3703274053906265,S3
15,114,23,83,22,84,0,23.738888888888887,0.2968655869166552,1,0.058339506898862026,S3
15,61,15,38,15,38,0,22.275925925925925,0.29717015348332515,1,0.1415845713657754,S3
15,77,16,53,15,54,0,21.20925925925926,0.30910444443332596,1,0.02525751414446605,S3
15,75,15,52,15,52,1,20.762962962962963,0.3137499519833245,1,inf,S3
15,75,15,52,15,52,0,20.831481481481482,0.31070227441665604,1,0.04931798218630992,S3
15,75,16,51,15,52,1,21.557407407407407,0.3089918239166576,1,0.12568815354061227,S3
15,61,37,16,35,18,7,57.18333333333334,0.2611975143332956,1,0.1052670531919504,S3
15,60,37,15,36,16,9,60.318518518518516,0.26056921068329086,1,inf,S3
15,60,21,31,19,33,0,30.12962962962963,0.28107381388331915,1,0.06690462060754229,S3
15,60,20,32,20,32,0,30.179629629629627,0.27992173029998746,1,0.032779055979011464,S3
15,60,21,31,20,32,0,30.916666666666664,0.27864552229998646,1,0.3209287230762142,S3
15,60,18,34,18,34,0,26.44259259259259,0.2820135195499889,1,0.14314788733653308,S3
15,60,17,35,15,37,1,25.557407407407403,0.2901520794999935,1,0.13683018569058403,S3
15,60,17,35,15,37,0,24.748148148148147,0.29428887336665743,1,0.08610661529846796,S3
15,61,35,18,32,21,7,53.11111111111111,0.26207552159996417,1,0.07717736935682026,S3
15,60,34,18,32,20,4,51.76296296296296,0.26211875918330124,1,0.06600983337661653,S3
15,60,15,37,15,37,0,23.22222222222222,0.300186263916657,2,0.06263966295583534,S3
15,74,16,50,15,51,0,23.014814814814816,0.3034298760166552,2,0.10793597102245732,S3
15,80,15,57,15,57,0,21.353703703703705,0.3128427655499902,2,0.038973112005238175,S3
15,81,15,58,15,58,0,21.23148148148148,0.3164749852499908,2,inf,S3
15,77,17,52,15,54,0,21.383333333333333,0.3126088733333245,2,0.040136070425142265,S3
15,74,15,51,15,51,1,22.71481481481481,0.3107567992666551,2,0.11151588606475586,S3
15,60,19,33,18,34,0,29.127777777777776,0.2855386228333213,2,0.5785893763489816,S3
15,61,17,36,15,38,3,26.562962962962963,0.2915358003666528,2,0.1561540923679276,S3
15,60,15,37,15,37,3,25.63148148148148,0.29648527218332404,2,0.09141618234528331,S3
15,61,18,35,15,38,0,25.28148148148148,0.29914838513332787,2,0.042379397359998766,S3
15,60,15,37,15,37,2,25.088888888888885,0.3000953791333263,2,0.0406143186630972,S3
15,60,35,17,32,20,0,52.28703703703703,0.2661126967666342,2,0.08971224110868702,S3
15,60,34,18,32,20,7,53.86851851851852,0.2641060158332966,2,0.05796107269524378,S3
15,61,35,18,32,21,0,51.78148148148148,0.2702716692166313,2,0.5303767765510005,S3
15,60,35,17,32,20,6,54.7037037037037,0.26381002814996446,2,inf,S3
15,63,15,40,15,40,0,23.32962962962963,0.30152266643332504,3,0.18626969009153335,S3
15,83,17,58,15,60,0,21.52592592592593,0.3163153504499874,3,inf,S3
15,78,15,55,16,54,0,22.414814814814815,0.3159689370999884,3,0.16942477145461032,S3
15,60,20,32,19,33,0,30.63148148148148,0.28560900999998634,3,0.5221004694259835,S3
15,60,19,33,17,35,3,29.996296296296293,0.29170610236665323,3,0.10317984462373408,S3
15,60,17,35,15,37,2,27.046296296296294,0.2960448959833194,3,0.08090838439131942,S3
15,60,18,34,17,35,3,29.564814814814817,0.29466819934998545,3,0.08655046517908185,S3
15,60,16,36,15,37,3,26.424074074074074,0.298116509499991,3,0.04931988601606404,S3
15,60,18,34,15,37,0,26.20925925925926,0.2998561741666602,3,0.04570404613469769,S3
15,62,16,38,15,39,2,25.379629629629626,0.3012219984833213,3,0.02613114120515242,S3
15,62,16,38,15,39,1,25.366666666666664,0.30124238244998874,3,0.03409497412100959,S3
15,60,34,18,30,22,7,53.97222222222222,0.26917476736663054,3,0.049752003947503134,S3
15,61,35,18,33,20,7,54.36851851851851,0.2642155736832976,3,inf,S3
15,60,35,17,32,20,0,54.17962962962962,0.268455859099967,3,0.05362650106369908,S3
15,61,35,18,32,21,1,52.82222222222222,0.27351332549996404,3,0.4733664133754719,S3
15,60,34,18,30,22,6,53.63333333333333,0.2727733797332988,3,0.05914476572621817,S3
16,60,34,18,32,20,0,49.492592592592594,0.26178286204996726,0,0.04631958711162798,S3
16,60,16,36,15,37,2,23.853703703703705,0.28586216921665725,0,0.1637209959288784,S3
16,61,17,36,15,38,0,23.687037037037033,0.2938098872833232,0,0.0976463395653172,S3
16,77,15,54,15,54,0,20.609259259259257,0.3100766974833247,0,inf,S3
16,61,16,37,15,38,0,23.392592592592592,0.29562985418332516,0,0.04590151630125762,S3
16,63,15,40,15,40,1,22.11111111111111,0.2969503419333242,0,0.1105215711994453,S3
16,75,16,51,15,52,0,20.655555555555555,0.30595194486665794,0,0.14379725663039297,S3
16,60,35,17,32,20,8,54.638888888888886,0.26112178238329603,0,0.10698563325192878,S3
16,60,17,35,17,35,0,23.91111111111111,0.2765932981333206,0,0.5746727029874872,S3
16,60,34,18,33,19,0,51.48518518518518,0.26150216166663365,0,0.07951939612957233,S3
16,60,37,15,36,16,0,55.68703703703704,0.2564514962666307,0,inf,S3
16,60,33,19,32,20,0,49.416666666666664,0.26330770548330096,0,0.5027315515867952,S3
16,62,15,39,15,39,1,22.35185185185185,0.29669167718332623,0,0.030578480453245863,S3
16,61,15,38,15,38,0,22.275925925925925,0.29717015348332515,1,0.13919906815477684,S3
16,77,16,53,15,54,0,21.20925925925926,0.30910444443332596,1,0.024976803716346807,S3
16,75,15,52,15,52,1,20.762962962962963,0.3137499519833245,1,inf,S3
16,75,15,52,15,52,0,20.831481481481482,0.31070227441665604,1,0.04835217369041175,S3
16,75,16,51,15,52,1,21.557407407407407,0.3089918239166576,1,0.1231963442480793,S3
16,60,21,31,19,33,0,30.12962962962963,0.28107381388331915,1,0.06694130389850206,S3
16,60,20,32,20,32,0,30.179629629629627,0.27992173029998746,1,0.032348058062038436,S3
16,60,21,31,20,32,0,30.916666666666664,0.27864552229998646,1,0.3221042991274927,S3
16,60,18,34,18,34,0,26.44259259259259,0.2820135195499889,1,0.11749619017529664,S3
16,60,17,35,15,37,0,24.748148148148147,0.29428887336665743,1,0.1091251206662738,S3
16,60,17,35,17,35,0,25.396296296296295,0.2872858101166576,1,0.1343468193543753,S3
16,61,35,18,32,21,7,53.11111111111111,0.26207552159996417,1,0.07769689616035576,S3
16,60,34,18,32,20,4,51.76296296296296,0.26211875918330124,1,0.06555219942444622,S3
16,60,37,15,36,16,8,59.90555555555555,0.2592907583499595,1,inf,S3
16,61,37,16,35,18,7,57.18333333333334,0.2611975143332956,1,0.11235836539874736,S3
16,60,34,18,31,21,1,50.57222222222222,0.2656829985499672,1,0.11704947130521037,S3
16,60,33,19,31,21,0,50.42962962962962,0.27301252859996705,1,0.37008765655400755,S3
16,114,23,83,22,84,0,23.738888888888887,0.2968655869166552,1,0.05803326377636482,S3
16,60,15,37,15,37,1,22.77592592592593,0.2976174967499883,2,0.22064312674438824,S3
16,80,15,57,15,57,0,21.353703703703705,0.3128427655499902,2,0.03651951915227298,S3
16,81,15,58,15,58,0,21.23148148148148,0.3164749852499908,2,inf,S3
16,77,17,52,15,54,0,21.383333333333333,0.3126088733333245,2,0.03606737499480988,S3
16,74,15,51,15,51,1,22.71481481481481,0.3107567992666551,2,0.15189116984860182,S3
16,60,19,33,18,34,0,29.127777777777776,0.2855386228333213,2,0.42412597876546204,S3
16,60,17,35,15,37,1,25.557407407407403,0.2901520794999935,2,0.18928152256850414,S3
16,60,34,18,32,20,7,53.86851851851852,0.2641060158332966,2,0.051508107763005594,S3
16,60,35,17,32,20,6,54.7037037037037,0.26381002814996446,2,0.1141400136965057,S3
16,60,37,15,36,16,9,60.318518518518516,0.26056921068329086,2,inf,S3
16,60,35,17,32,20,0,52.28703703703703,0.2661126967666342,2,0.08184056473479606,S3
16,61,35,18,32,21,0,51.78148148148148,0.2702716692166313,2,0.1327976039485947,S3
16,61,34,19,31,22,0,51.775925925925925,0.28022996578330206,2,0.42632720999931933,S3
16,60,15,37,15,37,0,23.22222222222222,0.300186263916657,3,0.05767447284287599,S3
16,74,16,50,15,51,0,23.014814814814816,0.3034298760166552,3,0.16044661043859923,S3
16,61,15,38,15,38,1,23.331481481481482,0.2977896525666571,3,0.06414314684357358,S3
16,83,17,58,15,60,0,21.52592592592593,0.3163153504499874,3,inf,S3
16,78,15,55,16,54,0,22.414814814814815,0.3159689370999884,3,0.14090511526890165,S3
16,60,20,32,19,33,0,30.63148148148148,0.28560900999998634,3,0.4858915221853727,S3
16,61,17,36,15,38,3,26.562962962962963,0.2915358003666528,3,0.16365053718547795,S3
16,60,15,37,15,37,3,25.63148148148148,0.29648527218332404,3,0.09835754538600927,S3
16,61,35,18,33,20,7,54.36851851851851,0.2642155736832976,3,0.14033510007083325,S3
16,60,37,15,37,15,8,63.38148148148149,0.26398603408328875,3,inf,S3
16,60,34,18,30,22,7,53.97222222222222,0.26917476736663054,3,0.060076748006575816,S3
16,60,34,18,32,20,6,54.16481481481482,0.26715030663329675,3,0.05211856280236848,S3
16,61,35,18,32,21,1,52.82222222222222,0.27351332549996404,3,0.39741939237155327,S3
16,60,34,18,30,22,6,53.63333333333333,0.2727733797332988,3,0.05519209660899506,S3
16,72,46,18,43,21,0,60.53148148148148,0.2679056689166199,4,inf,S3
16,82,16,58,15,59,0,22.075925925925926,0.3206176456833224,4,inf,S3
17,60,34,18,32,20,0,49.492592592592594,0.26178286204996726,0,0.07372502659410532,S3
17,60,16,36,15,37,2,23.853703703703705,0.28586216921665725,0,0.1637209959288784,S3
17,61,17,36,15,38,0,23.687037037037033,0.2938098872833232,0,0.0976463395653172,S3
17,77,15,54,15,54,0,20.609259259259257,0.3100766974833247,0,inf,S3
17,61,16,37,15,38,0,23.392592592592592,0.29562985418332516,0,0.03569842562169273,S3
17,63,15,40,15,40,1,22.11111111111111,0.2969503419333242,0,0.1105215711994453,S3
17,75,16,51,15,52,0,20.655555555555555,0.30595194486665794,0,0.14379725663039297,S3
17,60,35,17,32,20,8,54.638888888888886,0.26112178238329603,0,0.10698563325192878,S3
17,60,17,35,17,35,0,23.91111111111111,0.2765932981333206,0,0.5472672635050099,S3
17,60,34,18,33,19,0,51.48518518518518,0.26150216166663365,0,0.07951939612957233,S3
17,60,37,15,36,16,0,55.68703703703704,0.2564514962666307,0,inf,S3
17,62,15,39,15,39,1,22.35185185185185,0.29669167718332623,0,0.01604640199239274,S3
17,60,32,20,31,21,0,46.8,0.2622467171166379,0,0.5027315515867953,S3
17,60,15,37,16,36,0,22.97407407407407,0.29654861468332766,0,0.024735169140418005,S3
17,61,15,38,15,38,0,22.275925925925925,0.29717015348332515,1,0.13919906815477684,S3
17,77,16,53,15,54,0,21.20925925925926,0.30910444443332596,1,0.024976803716346807,S3
17,75,15,52,15,52,1,20.762962962962963,0.3137499519833245,1,inf,S3
17,75,15,52,15,52,0,20.831481481481482,0.31070227441665604,1,0.04835217369041175,S3
17,75,16,51,15,52,1,21.557407407407407,0.3089918239166576,1,0.1231963442480793,S3
17,60,21,31,19,33,0,30.12962962962963,0.28107381388331915,1,0.06694130389850206,S3
17,60,20,32,20,32,0,30.179629629629627,0.27992173029998746,1,0.032348058062038436,S3
17,60,21,31,20,32,0,30.916666666666664,0.27864552229998646,1,0.39826669235236606,S3
17,60,18,34,18,34,0,26.44259259259259,0.2820135195499889,1,0.12822452288999275,S3
17,60,16,36,15,37,0,23.951851851851853,0.2864446633999887,1,0.1708961913500412,S3
17,61,35,18,32,21,7,53.11111111111111,0.26207552159996417,1,0.07769689616035576,S3
17,60,34,18,32,20,4,51.76296296296296,0.26211875918330124,1,0.0585050372811533,S3
17,60,37,15,36,16,8,59.90555555555555,0.2592907583499595,1,inf,S3
17,61,37,16,35,18,7,57.18333333333334,0.2611975143332956,1,0.11235836539874736,S3
17,60,33,19,32,20,0,49.416666666666664,0.26330770548330096,1,0.4180218967776375,S3
17,114,23,83,22,84,0,23.738888888888887,0.2968655869166552,1,0.1198806797322766,S3
17,60,15,37,15,37,1,22.77592592592593,0.2976174967499883,2,0.2266135960481024,S3
17,80,15,57,15,57,0,21.353703703703705,0.3128427655499902,2,0.03651951915227298,S3
17,81,15,58,15,58,0,21.23148148148148,0.3164749852499908,2,inf,S3
17,77,17,52,15,54,0,21.383333333333333,0.3126088733333245,2,0.03606737499480988,S3
17,74,15,51,15,51,1,22.71481481481481,0.3107567992666551,2,0.15189116984860182,S3
17,60,19,33,18,34,0,29.127777777777776,0.2855386228333213,2,0.44788032273779843,S3
17,60,17,35,17,35,0,25.396296296296295,0.2872858101166576,2,0.08096258564404828,S3
17,60,16,36,17,35,0,24.137037037037036,0.2874529713999917,2,0.12592236396760606,S3
17,60,37,15,36,16,9,60.318518518518516,0.26056921068329086,2,inf,S3
17,60,34,18,31,21,1,50.57222222222222,0.2656829985499672,2,0.12364661059721496,S3
17,60,33,19,31,21,0,50.42962962962962,0.27301252859996705,2,0.4518977346380519,S3
17,60,34,18,32,20,7,53.86851851851852,0.2641060158332966,2,0.06960090089124792,S3
17,60,35,17,32,20,6,54.7037037037037,0.26381002814996446,2,0.1141400136965057,S3
17,60,15,37,15,37,0,23.22222222222222,0.300186263916657,3,0.05767447284287599,S3
17,74,16,50,15,51,0,23.014814814814816,0.3034298760166552,3,0.11844922360095075,S3
17,61,15,38,15,38,1,23.331481481481482,0.2977896525666571,3,0.08736048457277976,S3
17,83,17,58,15,60,0,21.52592592592593,0.3163153504499874,3,inf,S3
17,78,15,55,16,54,0,22.414814814814815,0.3159689370999884,3,0.055925851921035455,S3
17,73,15,50,15,50,1,22.92222222222222,0.3122079269499901,3,0.1269766501855147,S3
17,60,20,32,19,33,0,30.63148148148148,0.28560900999998634,3,0.4080069132236549,S3
17,60,17,35,15,37,1,25.557407407407403,0.2901520794999935,3,0.14043319945627178,S3
17,60,16,36,15,37,1,24.6462962962963,0.2928236635166548,3,0.09956661196444325,S3
17,60,35,17,32,20,0,52.28703703703703,0.2661126967666342,3,0.0887695716785594,S3
17,61,35,18,32,21,0,51.78148148148148,0.2702716692166313,3,0.14099437446537913,S3
17,61,34,19,31,22,0,51.775925925925925,0.28022996578330206,3,0.399200983864926,S3
17,61,35,18,33,20,7,54.36851851851851,0.2642155736832976,3,0.15285251223474516,S3
17,60,37,15,37,15,8,63.38148148148149,0.26398603408328875,3,inf,S3
17,82,16,58,15,59,0,22.075925925925926,0.3206176456833224,4,inf,S3
17,60,33,19,31,21,8,54.09814814814815,0.26637207763329657,4,inf,S3
17,61,17,36,15,38,3,26.562962962962963,0.2915358003666528,4,0.642685965430129,S3
18,60,34,18,32,20,0,49.492592592592594,0.26178286204996726,0,0.07372502659410532,S3
18,60,16,36,15,37,2,23.853703703703705,0.28586216921665725,0,0.1637209959288784,S3
18,61,17,36,15,38,0,23.687037037037033,0.2938098872833232,0,0.0976463395653172,S3
18,77,15,54,15,54,0,20.609259259259257,0.3100766974833247,0,inf,S3
18,61,16,37,15,38,0,23.392592592592592,0.29562985418332516,0,0.03569842562169273,S3
18,63,15,40,15,40,1,22.11111111111111,0.2969503419333242,0,0.1105215711994453,S3
18,75,16,51,15,52,0,20.655555555555555,0.30595194486665794,0,0.14379725663039297,S3
18,60,35,17,32,20,8,54.638888888888886,0.26112178238329603,0,0.10698563325192878,S3
18,60,17,35,17,35,0,23.91111111111111,0.2765932981333206,0,0.5472672635050099,S3
18,60,34,18,33,19,0,51.48518518518518,0.26150216166663365,0,0.07951939612957233,S3
18,60,37,15,36,16,0,55.68703703703704,0.2564514962666307,0,inf,S3
18,62,15,39,15,39,1,22.35185185185185,0.29669167718332623,0,0.01604640199239274,S3
18,60,32,20,31,21,0,46.8,0.2622467171166379,0,0.5027315515867953,S3
18,60,15,37,16,36,0,22.97407407407407,0.29654861468332766,0,0.024735169140418005,S3
18,61,15,38,15,38,0,22.275925925925925,0.29717015348332515,1,0.12892172834141435,S3
18,75,15,52,15,52,1,20.762962962962963,0.3137499519833245,1,inf,S3
18,75,15,52,15,52,0,20.831481481481482,0.31070227441665604,1,0.06504619759627689,S3
18,75,16,51,16,51,1,21.18148148148148,0.3071787833499958,1,0.14217630469235928,S3
18,60,21,31,19,33,0,30.12962962962963,0.28107381388331915,1,0.07158869756733136,S3
18,60,20,32,20,32,0,30.179629629629627,0.27992173029998746,1,0.03296562814886965,S3
18,60,21,31,20,32,0,30.916666666666664,0.27864552229998646,1,0.421127642134556,S3
18,60,18,34,18,34,0,26.44259259259259,0.2820135195499889,1,0.13555964610346394,S3
18,60,16,36,15,37,0,23.951851851851853,0.2864446633999887,1,0.17183476973608136,S3
18,61,35,18,32,21,7,53.11111111111111,0.26207552159996417,1,0.07906710674929632,S3
18,60,34,18,32,20,4,51.76296296296296,0.26211875918330124,1,0.03981887765454373,S3
18,60,36,16,37,15,0,56.175925925925924,0.2581911696666282,1,inf,S3
18,60,36,16,36,16,0,56.007407407407406,0.25999204998329434,1,0.0782296361149309,S3
18,60,33,19,32,20,0,49.416666666666664,0.26330770548330096,1,0.42266857106917444,S3
18,60,34,18,32,20,1,50.66296296296296,0.2626592412166342,1,0.04382754256755591,S3
18,114,23,83,22,84,0,23.738888888888887,0.2968655869166552,1,0.12018640972308536,S3
18,60,15,37,15,37,1,22.77592592592593,0.2976174967499883,2,0.24952586278068892,S3
18,77,16,53,15,54,0,21.20925925925926,0.30910444443332596,2,inf,S3
18,75,16,51,15,52,1,21.557407407407407,0.3089918239166576,2,0.13554222215043898,S3
18,60,19,33,18,34,0,29.127777777777776,0.2855386228333213,2,0.4667257018646619,S3
18,60,17,35,17,35,0,25.396296296296295,0.2872858101166576,2,0.08370111246060756,S3
18,60,16,36,17,35,0,24.137037037037036,0.2874529713999917,2,0.13756144834028447,S3
18,60,37,15,36,16,8,59.90555555555555,0.2592907583499595,2,inf,S3
18,61,37,16,35,18,7,57.18333333333334,0.2611975143332956,2,0.06629618777013047,S3
18,60,36,16,34,18,7,56.577777777777776,0.26161182981662773,2,0.05826247661978966,S3
18,60,34,18,31,21,1,50.57222222222222,0.2656829985499672,2,0.13383259193102706,S3
18,60,33,19,31,21,0,50.42962962962962,0.27301252859996705,2,0.47638540969059756,S3
18,60,34,18,32,20,7,53.86851851851852,0.2641060158332966,2,0.07218317979229638,S3
18,60,35,17,32,20,6,54.7037037037037,0.26381002814996446,2,0.06004184794345713,S3
18,60,15,37,15,37,0,23.22222222222222,0.300186263916657,3,0.05449480373354043,S3
18,74,16,50,15,51,0,23.014814814814816,0.3034298760166552,3,0.10102958836943012,S3
18,61,15,38,15,38,1,23.331481481481482,0.2977896525666571,3,0.08406500508296046,S3
18,80,15,57,15,57,0,21.353703703703705,0.3128427655499902,3,0.03651951915227298,S3
18,81,15,58,15,58,0,21.23148148148148,0.3164749852499908,3,inf,S3
18,77,17,52,15,54,0,21.383333333333333,0.3126088733333245,3,0.03606737499480988,S3
18,74,15,51,15,51,1,22.71481481481481,0.3107567992666551,3,0.10296331700476227,S3
18,60,20,32,19,33,0,30.63148148148148,0.28560900999998634,3,0.4001528969165423,S3
18,60,17,35,15,37,1,25.557407407407403,0.2901520794999935,3,0.14108739694644795,S3
18,60,16,36,15,37,1,24.6462962962963,0.2928236635166548,3,0.09678151673104082,S3
18,60,37,15,36,16,9,60.318518518518516,0.26056921068329086,3,inf,S3
18,60,35,17,32,20,0,52.28703703703703,0.2661126967666342,3,0.08725670333880342,S3
18,61,35,18,32,21,0,51.78148148148148,0.2702716692166313,3,0.1327976039485947,S3
18,61,34,19,31,22,0,51.775925925925925,0.28022996578330206,3,0.11310736803053939,S3
18,60,33,19,30,22,0,51.727777777777774,0.28284156741663324,3,0.31858711511101173,S3
18,61,35,18,33,20,7,54.36851851851851,0.2642155736832976,3,0.15231726066432683,S3
18,60,37,15,37,15,8,63.38148148148149,0.26398603408328875,4,inf,S3
19,60,16,36,15,37,2,23.853703703703705,0.28586216921665725,0,0.16822612659897546,S3
19,63,15,40,15,40,1,22.11111111111111,0.2969503419333242,0,0.11022442147030734,S3
19,75,16,51,15,52,0,20.655555555555555,0.30595194486665794,0,0.15029843582277522,S3
19,60,17,35,17,35,0,23.91111111111111,0.2765932981333206,0,0.5428066365524455,S3
19,60,37,15,36,16,0,55.68703703703704,0.2564514962666307,0,inf,S3
19,62,15,39,15,39,1,22.35185185185185,0.29669167718332623,0,0.015876536824418308,S3
19,60,32,20,31,21,0,46.8,0.2622467171166379,0,0.5020984043946561,S3
19,60,15,37,16,36,0,22.97407407407407,0.29654861468332766,0,0.041173506312609576,S3
19,63,16,39,15,40,2,23.31296296296296,0.2937259835999939,0,0.11204985709148123,S3
19,76,15,53,15,53,0,20.112962962962964,0.31005175791665873,0,inf,S3
19,60,32,20,32,20,0,48.19074074074074,0.2593507532999684,0,0.17896853370887966,S3
19,61,15,38,15,38,0,22.275925925925925,0.29717015348332515,1,0.14237642982741588,S3
19,75,16,51,16,51,1,21.18148148148148,0.3071787833499958,1,0.14780536073682451,S3
19,60,21,31,19,33,0,30.12962962962963,0.28107381388331915,1,0.0726933991055524,S3
19,60,20,32,20,32,0,30.179629629629627,0.27992173029998746,1,0.034464721806471185,S3
19,60,21,31,20,32,0,30.916666666666664,0.27864552229998646,1,0.4305390087606267,S3
19,60,18,34,18,34,0,26.44259259259259,0.2820135195499889,1,0.13860458048844226,S3
19,60,16,36,15,37,0,23.951851851851853,0.2864446633999887,1,0.15241475411933203,S3
19,60,36,16,37,15,0,56.175925925925924,0.2581911696666282,1,inf,S3
19,61,17,36,15,38,0,23.687037037037033,0.2938098872833232,1,0.09637612222692936,S3
19,61,16,37,15,38,0,23.392592592592592,0.29562985418332516,1,0.05221908701835843,S3
19,77,15,54,15,54,0,20.609259259259257,0.3100766974833247,1,inf,S3
19,60,34,18,32,20,0,49.492592592592594,0.26178286204996726,1,0.046478755188919085,S3
19,60,35,17,32,20,8,54.638888888888886,0.26112178238329603,1,0.07090834852873967,S3
19,60,34,18,33,19,0,51.48518518518518,0.26150216166663365,1,0.07871774250213706,S3
19,60,36,16,36,16,0,56.007407407407406,0.25999204998329434,1,0.026941286541647264,S3
19,60,33,19,32,20,0,49.416666666666664,0.26330770548330096,1,0.42364103797260244,S3
19,61,37,16,36,17,0,55.86666666666667,0.260535740399962,1,0.03012555710954734,S3
19,60,15,37,15,37,1,22.77592592592593,0.2976174967499883,2,0.13919906815477684,S3
19,77,16,53,15,54,0,21.20925925925926,0.30910444443332596,2,0.024976803716346807,S3
19,75,16,51,15,52,1,21.557407407407407,0.3089918239166576,2,0.1254761068775902,S3
19,60,19,33,18,34,0,29.127777777777776,0.2855386228333213,2,0.4508166737097622,S3
19,60,17,35,17,35,0,25.396296296296295,0.2872858101166576,2,0.08132675954006788,S3
19,60,16,36,17,35,0,24.137037037037036,0.2874529713999917,2,0.1091251206662738,S3
19,60,37,15,36,16,8,59.90555555555555,0.2592907583499595,2,inf,S3
19,114,23,83,22,84,0,23.738888888888887,0.2968655869166552,2,0.11070897373105243,S3
19,75,15,52,15,52,1,20.762962962962963,0.3137499519833245,2,inf,S3
19,75,15,52,15,52,0,20.831481481481482,0.31070227441665604,2,0.04835217369041175,S3
19,60,34,18,32,20,1,50.66296296296296,0.2626592412166342,2,0.04793424022362999,S3
19,61,35,18,32,21,7,53.11111111111111,0.26207552159996417,2,0.0661577375582046,S3
19,60,34,18,32,20,4,51.76296296296296,0.26211875918330124,2,0.03663141527252976,S3
19,60,34,18,31,21,1,50.57222222222222,0.2656829985499672,2,0.09803601523349681,S3
19,60,33,19,31,21,0,50.42962962962962,0.27301252859996705,2,0.4562254213376841,S3
19,61,37,16,35,18,7,57.18333333333334,0.2611975143332956,2,0.033286536868498695,S3
19,60,36,16,34,18,7,56.577777777777776,0.26161182981662773,2,0.06007893695953953,S3
19,60,37,15,37,15,0,58.699999999999996,0.2609389673499607,2,0.052279428439207826,S3
19,60,37,15,36,16,9,60.318518518518516,0.26056921068329086,3,inf,S3
19,81,15,58,15,58,0,21.23148148148148,0.3164749852499908,3,inf,S3
19,60,20,32,19,33,0,30.63148148148148,0.28560900999998634,3,0.4001528969165423,S3
19,60,33,19,30,22,0,51.727777777777774,0.28284156741663324,3,0.3837877746586251,S3
19,60,34,18,34,18,0,52.68703703703704,0.26256009771663175,3,0.15231726066432683,S3
19,60,17,35,15,37,1,25.557407407407403,0.2901520794999935,3,0.14108739694644795,S3
19,60,34,18,31,21,0,51.77222222222222,0.27293448166663337,3,0.11310736803053939,S3
19,74,16,50,15,51,0,23.014814814814816,0.3034298760166552,3,0.10102958836943012,S3
19,60,16,36,15,37,1,24.6462962962963,0.2928236635166548,3,0.09678151673104082,S3
19,74,15,51,15,51,1,22.71481481481481,0.3107567992666551,3,0.08461765178867782,S3
19,61,15,38,15,38,1,23.331481481481482,0.2977896525666571,3,0.08406500508296046,S3
19,60,35,17,32,20,0,52.28703703703703,0.2661126967666342,3,0.08055319935863738,S3
19,61,35,18,32,21,0,51.78148148148148,0.2702716692166313,3,0.0675969444009813,S3
19,60,15,37,15,37,0,23.22222222222222,0.300186263916657,3,0.05449480373354043,S3
20,60,16,36,15,37,2,23.853703703703705,0.28586216921665725,0,0.16822612659897546,S3
20,63,15,40,15,40,1,22.11111111111111,0.2969503419333242,0,0.11022442147030734,S3
20,75,16,51,15,52,0,20.655555555555555,0.30595194486665794,0,0.15029843582277522,S3
20,60,17,35,17,35,0,23.91111111111111,0.2765932981333206,0,0.5428066365524455,S3
20,60,37,15,36,16,0,55.68703703703704,0.2564514962666307,0,inf,S3
20,62,15,39,15,39,1,22.35185185185185,0.29669167718332623,0,0.015876536824418308,S3
20,60,32,20,31,21,0,46.8,0.2622467171166379,0,0.5020984043946561,S3
20,60,15,37,16,36,0,22.97407407407407,0.29654861468332766,0,0.041173506312609576,S3
20,63,16,39,15,40,2,23.31296296296296,0.2937259835999939,0,0.11204985709148123,S3
20,76,15,53,15,53,0,20.112962962962964,0.31005175791665873,0,inf,S3
20,60,32,20,32,20,0,48.19074074074074,0.2593507532999684,0,0.16353732305709553,S3
20,60,37,15,35,17,0,55.492592592592594,0.25781275628329864,0,0.13240696685895043,S3
20,61,15,38,15,38,0,22.275925925925925,0.29717015348332515,1,0.14237642982741588,S3
20,75,16,51,16,51,1,21.18148148148148,0.3071787833499958,1,0.14780536073682451,S3
20,60,21,31,19,33,0,30.12962962962963,0.28107381388331915,1,0.0726933991055524,S3
20,60,20,32,20,32,0,30.179629629629627,0.27992173029998746,1,0.034464721806471185,S3
20,60,21,31,20,32,0,30.916666666666664,0.27864552229998646,1,0.4305390087606267,S3
20,60,18,34,18,34,0,26.44259259259259,0.2820135195499889,1,0.0720937381817243,S3
20,60,16,36,15,37,0,23.951851851851853,0.2864446633999887,1,0.14120934275963667,S3
20,60,18,34,17,35,0,25.753703703703703,0.2821713488666577,1,0.0777162536664133,S3
20,61,17,36,15,38,0,23.687037037037033,0.2938098872833232,1,0.09637612222692936,S3
20,61,16,37,15,38,0,23.392592592592592,0.29562985418332516,1,0.05221908701835843,S3
20,77,15,54,15,54,0,20.609259259259257,0.3100766974833247,1,inf,S3
20,60,34,18,32,20,0,49.492592592592594,0.26178286204996726,1,0.046478755188919085,S3
20,60,35,17,32,20,8,54.638888888888886,0.26112178238329603,1,0.024163941329803783,S3
20,60,34,18,33,19,0,51.48518518518518,0.26150216166663365,1,0.07746148365293144,S3
20,60,33,19,32,20,0,49.416666666666664,0.26330770548330096,1,0.42364103797260244,S3
20,68,41,19,39,21,0,54.60185185185185,0.26119811514996166,1,0.048000666048141516,S3
20,60,36,16,37,15,0,56.175925925925924,0.2581911696666282,1,inf,S3
20,60,36,16,36,16,0,56.007407407407406,0.25999204998329434,1,0.026941286541647264,S3
20,61,37,16,36,17,0,55.86666666666667,0.260535740399962,1,0.03012555710954734,S3
20,60,15,37,15,37,1,22.77592592592593,0.2976174967499883,2,0.10671565955670824,S3
20,68,15,45,15,45,0,22.56111111111111,0.306850239083327,2,0.09991316618867771,S3
20,77,16,53,15,54,0,21.20925925925926,0.30910444443332596,2,0.024976803716346807,S3
20,75,16,51,15,52,1,21.557407407407407,0.3089918239166576,2,0.025562940688912485,S3
20,76,17,51,16,52,0,22.19074074074074,0.3076857079666531,2,0.0324834085980686,S3
20,60,17,35,17,35,0,25.396296296296295,0.2872858101166576,2,0.08459579887509347,S3
20,60,16,36,17,35,0,24.137037037037036,0.2874529713999917,2,0.1091251206662738,S3
20,60,19,33,19,33,0,28.385185185185186,0.2841493932833211,2,0.12645897660532124,S3
20,60,22,30,20,32,0,32.45925925925926,0.2833388215666502,2,0.3838411509210782,S3
20,114,23,83,22,84,0,23.738888888888887,0.2968655869166552,2,0.11070897373105243,S3
20,75,15,52,15,52,1,20.762962962962963,0.3137499519833245,2,inf,S3
20,75,15,52,15,52,0,20.831481481481482,0.31070227441665604,2,0.04835217369041175,S3
20,60,34,18,32,20,1,50.66296296296296,0.2626592412166342,2,0.04793424022362999,S3
20,61,35,18,32,21,7,53.11111111111111,0.26207552159996417,2,0.0661577375582046,S3
20,60,34,18,32,20,4,51.76296296296296,0.26211875918330124,2,0.03663141527252976,S3
20,60,34,18,31,21,1,50.57222222222222,0.2656829985499672,2,0.09803601523349681,S3
20,60,33,19,31,21,0,50.42962962962962,0.27301252859996705,2,0.39347292818602136,S3
20,60,37,15,36,16,8,59.90555555555555,0.2592907583499595,2,inf,S3
20,61,37,16,35,18,7,57.18333333333334,0.2611975143332956,2,0.033286536868498695,S3
20,60,36,16,34,18,7,56.577777777777776,0.26161182981662773,2,0.06007893695953953,S3
20,60,37,15,37,15,0,58.699999999999996,0.2609389673499607,2,0.052279428439207826,S3
20,60,37,15,36,16,9,60.318518518518516,0.26056921068329086,3,inf,S3
20,81,15,58,15,58,0,21.23148148148148,0.3164749852499908,3,inf,S3
20,60,19,33,18,34,0,29.127777777777776,0.2855386228333213,3,0.4083236053302657,S3
20,74,37,29,36,30,0,51.007407407407406,0.2808976497499682,3,0.37072761459488573,S3
20,60,34,18,34,18,0,52.68703703703704,0.26256009771663175,3,0.15231726066432683,S3
20,60,17,35,15,37,1,25.557407407407403,0.2901520794999935,3,0.12248158823976016,S3
20,74,15,51,15,51,1,22.71481481481481,0.3107567992666551,3,0.10543418127461689,S3
20,74,16,50,15,51,0,23.014814814814816,0.3034298760166552,3,0.10102958836943012,S3
21,60,16,36,15,37,2,23.853703703703705,0.28586216921665725,0,0.17822458214761736,S3
21,63,15,40,15,40,1,22.11111111111111,0.2969503419333242,0,0.01009450555550604,S3
21,75,16,51,15,52,0,20.655555555555555,0.30595194486665794,0,0.13029915877444564,S3
21,60,17,35,17,35,0,23.91111111111111,0.2765932981333206,0,0.5511965843681947,S3
21,60,37,15,36,16,0,55.68703703703704,0.2564514962666307,0,inf,S3
21,62,15,39,15,39,1,22.35185185185185,0.29669167718332623,0,0.015904067856053812,S3
21,60,32,20,31,21,0,46.8,0.2622467171166379,0,0.5063899860094818,S3
21,60,15,37,16,36,0,22.97407407407407,0.29654861468332766,0,0.042695237026676824,S3
21,63,16,39,15,40,2,23.31296296296296,0.2937259835999939,0,0.1181628955778935,S3
21,60,32,20,32,20,0,48.19074074074074,0.2593507532999684,0,0.16404400799551835,S3
21,60,37,15,35,17,0,55.492592592592594,0.25781275628329864,0,0.13229653048627232,S3
21,62,15,39,15,39,0,21.96851851851852,0.29717553988332274,0,0.1094029353941541,S3
21,76,16,52,15,53,0,19.485185185185184,0.3068526313166587,0,inf,S3
21,61,15,38,15,38,0,22.275925925925925,0.29717015348332515,1,0.1420021733208216,S3
21,60,21,31,19,33,0,30.12962962962963,0.28107381388331915,1,0.07198010025576733,S3
21,60,20,32,20,32,0,30.179629629629627,0.27992173029998746,1,0.034323709463245686,S3
21,60,21,31,20,32,0,30.916666666666664,0.27864552229998646,1,0.426894273390129,S3
21,60,18,34,18,34,0,26.44259259259259,0.2820135195499889,1,0.07125222795949082,S3
21,60,16,36,15,37,0,23.951851851851853,0.2864446633999887,1,0.14086344672637366,S3
21,60,18,34,17,35,0,25.753703703703703,0.2821713488666577,1,0.07725491283232114,S3
21,61,17,36,15,38,0,23.687037037037033,0.2938098872833232,1,0.09631049017869468,S3
21,61,16,37,15,38,0,23.392592592592592,0.29562985418332516,1,0.05196165601691272,S3
21,60,34,18,32,20,0,49.492592592592594,0.26178286204996726,1,0.04608693277226523,S3
21,60,35,17,32,20,8,54.638888888888886,0.26112178238329603,1,0.0239223112242211,S3
21,60,34,18,33,19,0,51.48518518518518,0.26150216166663365,1,0.07647572140591344,S3
21,60,33,19,32,20,0,49.416666666666664,0.26330770548330096,1,0.42012535788653665,S3
21,68,41,19,39,21,0,54.60185185185185,0.26119811514996166,1,0.047392291812379916,S3
21,60,36,16,37,15,0,56.175925925925924,0.2581911696666282,1,inf,S3
21,60,36,16,36,16,0,56.007407407407406,0.25999204998329434,1,0.02689232036080768,S3
21,61,37,16,36,17,0,55.86666666666667,0.260535740399962,1,0.029866029610454353,S3
21,76,15,53,15,53,0,20.112962962962964,0.31005175791665873,1,inf,S3
21,75,16,51,16,51,1,21.18148148148148,0.3071787833499958,1,0.1541832489564983,S3
21,60,15,37,15,37,1,22.77592592592593,0.2976174967499883,2,0.11328720659528134,S3
21,68,15,45,15,45,0,22.56111111111111,0.306850239083327,2,0.10656980934208567,S3
21,60,17,35,17,35,0,25.396296296296295,0.2872858101166576,2,0.08657731546446036,S3
21,60,16,36,17,35,0,24.137037037037036,0.2874529713999917,2,0.11540384279262302,S3
21,60,19,33,19,33,0,28.385185185185186,0.2841493932833211,2,0.12872711726194136,S3
21,60,22,30,20,32,0,32.45925925925926,0.2833388215666502,2,0.39013526209362587,S3
21,114,23,83,22,84,0,23.738888888888887,0.2968655869166552,2,0.11739080710214378,S3
21,60,34,18,32,20,1,50.66296296296296,0.2626592412166342,2,0.050241609999445005,S3
21,61,35,18,32,21,7,53.11111111111111,0.26207552159996417,2,0.06625380315180496,S3
21,60,34,18,32,20,4,51.76296296296296,0.26211875918330124,2,0.03689672110823056,S3
21,60,34,18,31,21,1,50.57222222222222,0.2656829985499672,2,0.10489954539499244,S3
21,60,33,19,31,21,0,50.42962962962962,0.27301252859996705,2,0.4042924396431522,S3
21,60,37,15,36,16,8,59.90555555555555,0.2592907583499595,2,inf,S3
21,61,37,16,35,18,7,57.18333333333334,0.2611975143332956,2,0.03362732318033046,S3
21,60,36,16,34,18,7,56.577777777777776,0.26161182981662773,2,0.06045852252924408,S3
21,60,37,15,37,15,0,58.699999999999996,0.2609389673499607,2,0.05340961408945614,S3
21,77,15,54,15,54,0,20.609259259259257,0.3100766974833247,2,inf,S3
21,77,16,53,15,54,0,21.20925925925926,0.30910444443332596,2,0.02274493625393722,S3
21,75,16,51,15,52,1,21.557407407407407,0.3089918239166576,2,0.026456026394280324,S3
21,76,17,51,16,52,0,22.19074074074074,0.3076857079666531,2,0.03385539759288628,S3
21,60,37,15,36,16,9,60.318518518518516,0.26056921068329086,3,inf,S3
21,75,15,52,15,52,1,20.762962962962963,0.3137499519833245,3,inf,S3
21,60,19,33,18,34,0,29.127777777777776,0.2855386228333213,3,0.4087086592453866,S3
21,74,37,29,36,30,0,51.007407407407406,0.2808976497499682,3,0.40473882713517406,S3
21,60,34,18,34,18,0,52.68703703703704,0.26256009771663175,3,0.22428606477165983,S3
21,60,34,18,31,21,0,51.77222222222222,0.27293448166663337,3,0.19363909986067843,S3
21,74,16,50,15,51,0,23.014814814814816,0.3034298760166552,3,0.12909051427363738,S3
21,75,15,52,15,52,0,20.831481481481482,0.31070227441665604,3,0.1254927394500402,S3
22,60,16,36,15,37,2,23.853703703703705,0.28586216921665725,0,0.1628107542924629,S3
22,63,15,40,15,40,1,22.11111111111111,0.2969503419333242,0,0.01009450555550604,S3
22,75,16,51,15,52,0,20.655555555555555,0.30595194486665794,0,0.13029915877444564,S3
22,60,17,35,17,35,0,23.91111111111111,0.2765932981333206,0,0.571398280231507,S3
22,60,37,15,36,16,0,55.68703703703704,0.2564514962666307,0,inf,S3
22,62,15,39,15,39,1,22.35185185185185,0.29669167718332623,0,0.015904067856053812,S3
22,60,15,37,16,36,0,22.97407407407407,0.29654861468332766,0,0.05810906488183128,S3
22,62,15,39,15,39,0,21.96851851851852,0.29717553988332274,0,0.1094029353941541,S3
22,76,16,52,15,53,0,19.485185185185184,0.3068526313166587,0,inf,S3
22,60,32,20,31,21,1,44.72222222222222,0.25731760546663623,0,0.638686516495754,S3
22,63,16,39,15,40,0,23.024074074074075,0.2917700363333226,0,0.1181628955778935,S3
22,61,15,38,15,38,0,22.275925925925925,0.29717015348332515,1,0.12894682715481318,S3
22,60,21,31,19,33,0,30.12962962962963,0.28107381388331915,1,0.0728347360355,S3
22,60,20,32,20,32,0,30.179629629629627,0.27992173029998746,1,0.03436487512333704,S3
22,60,21,31,20,32,0,30.916666666666664,0.27864552229998646,1,0.40406064798816554,S3
22,60,18,34,18,34,0,26.44259259259259,0.2820135195499889,1,0.07234738797138478,S3
22,60,16,36,15,37,0,23.951851851851853,0.2864446633999887,1,0.14508753484954937,S3
22,60,18,34,17,35,0,25.753703703703703,0.2821713488666577,1,0.07761242736206746,S3
22,76,15,53,15,53,0,20.112962962962964,0.31005175791665873,1,inf,S3
22,75,16,51,16,51,1,21.18148148148148,0.3071787833499958,1,0.11848317325822966,S3
22,75,15,52,16,51,0,20.75925925925926,0.3073096385666611,1,0.042599126819375784,S3
22,60,32,20,31,21,0,46.8,0.2622467171166379,1,0.42880238628403605,S3
22,60,32,20,32,20,0,48.19074074074074,0.2593507532999684,1,0.16528660258742428,S3
22,60,37,15,35,17,0,55.492592592592594,0.25781275628329864,1,inf,S3
22,63,16,39,15,40,2,23.31296296296296,0.2937259835999939,1,0.1086596320526537,S3
22,63,15,40,15,40,2,23.201851851851853,0.2966898090499916,1,0.04762135180625889,S3
22,60,15,37,15,37,1,22.77592592592593,0.2976174967499883,2,0.11529555101530475,S3
22,68,15,45,15,45,0,22.56111111111111,0.306850239083327,2,0.10524990505484273,S3
22,60,17,35,17,35,0,25.396296296296295,0.2872858101166576,2,0.09155617649932316,S3
22,60,16,36,17,35,0,24.137037037037036,0.2874529713999917,2,0.08689886158394203,S3
22,60,19,33,19,33,0,28.385185185185186,0.2841493932833211,2,0.1373274319279473,S3
22,60,22,30,20,32,0,32.45925925925926,0.2833388215666502,2,0.49650579128395117,S3
22,77,15,54,15,54,0,20.609259259259257,0.3100766974833247,2,inf,S3
22,77,16,53,15,54,0,21.20925925925926,0.30910444443332596,2,0.02378365896340292,S3
22,75,16,51,15,52,1,21.557407407407407,0.3089918239166576,2,0.027469565249214237,S3
22,76,17,51,16,52,0,22.19074074074074,0.3076857079666531,2,0.03474776711588053,S3
22,60,34,18,32,20,0,49.492592592592594,0.26178286204996726,2,0.046478755188919085,S3
22,60,35,17,32,20,8,54.638888888888886,0.26112178238329603,2,0.024163941329803783,S3
22,60,34,18,33,19,0,51.48518518518518,0.26150216166663365,2,0.07746148365293144,S3
22,60,33,19,32,20,0,49.416666666666664,0.26330770548330096,2,0.4471825472085453,S3
22,68,41,19,39,21,0,54.60185185185185,0.26119811514996166,2,0.048000666048141516,S3
22,60,36,16,37,15,0,56.175925925925924,0.2581911696666282,2,inf,S3
22,60,36,16,36,16,0,56.007407407407406,0.25999204998329434,2,0.026941286541647264,S3
22,61,37,16,36,17,0,55.86666666666667,0.260535740399962,2,0.03012555710954734,S3
22,61,17,36,15,38,0,23.687037037037033,0.2938098872833232,2,0.08926281597624736,S3
22,61,16,37,15,38,0,23.392592592592592,0.29562985418332516,2,0.026197470660594753,S3
22,63,17,38,15,40,0,23.355555555555554,0.2960448531333242,2,0.027823279280104203,S3
22,60,37,15,36,16,8,59.90555555555555,0.2592907583499595,3,inf,S3
22,75,15,52,15,52,1,20.762962962962963,0.3137499519833245,3,inf,S3
22,60,19,33,18,34,0,29.127777777777776,0.2855386228333213,3,0.5882757511722737,S3
22,60,32,20,33,19,0,49.67777777777778,0.26676453669996847,3,0.4562254213376842,S3
22,60,16,36,16,36,0,24.71481481481481,0.29610754573332077,3,0.17283160411993226,S3
22,74,16,50,15,51,0,23.014814814814816,0.3034298760166552,3,0.12708831654785369,S3
22,75,15,52,15,52,0,20.831481481481482,0.31070227441665604,3,0.12351526497031323,S3
22,60,15,37,15,37,0,23.22222222222222,0.300186263916657,3,0.06951714474887677,S3
22,61,35,18,32,21,7,53.11111111111111,0.26207552159996417,3,0.0661577375582046,S3
22,60,36,16,34,18,7,56.577777777777776,0.26161182981662773,3,0.06007893695953953,S3
22,114,23,83,22,84,0,23.738888888888887,0.2968655869166552,3,0.05651356395326235,S3
22,60,37,15,37,15,0,58.699999999999996,0.2609389673499607,3,0.052279428439207826,S3
22,60,34,18,31,21,1,50.57222222222222,0.2656829985499672,3,0.050276049807266784,S3
23,60,16,36,15,37,2,23.853703703703705,0.28586216921665725,0,0.1628107542924629,S3
23,63,15,40,15,40,1,22.11111111111111,0.2969503419333242,0,0.01009450555550604,S3
23,75,16,51,15,52,0,20.655555555555555,0.30595194486665794,0,0.13029915877444564,S3
23,60,17,35,17,35,0,23.91111111111111,0.2765932981333206,0,0.571398280231507,S3
23,60,37,15,36,16,0,55.68703703703704,0.2564514962666307,0,inf,S3
23,62,15,39,15,39,1,22.35185185185185,0.29669167718332623,0,0.015904067856053812,S3
23,60,15,37,16,36,0,22.97407407407407,0.29654861468332766,0,0.05810906488183128,S3
23,62,15,39,15,39,0,21.96851851851852,0.29717553988332274,0,0.1094029353941541,S3
23,76,16,52,15,53,0,19.485185185185184,0.3068526313166587,0,inf,S3
23,60,32,20,31,21,1,44.72222222222222,0.25731760546663623,0,0.638686516495754,S3
23,63,16,39,15,40,0,23.024074074074075,0.2917700363333226,0,0.1181628955778935,S3
23,61,15,38,15,38,0,22.275925925925925,0.29717015348332515,1,0.1286091520885149,S3
23,60,21,31,19,33,0,30.12962962962963,0.28107381388331915,1,0.07249521330004988,S3
23,60,20,32,20,32,0,30.179629629629627,0.27992173029998746,1,0.03426063398401254,S3
23,60,21,31,20,32,0,30.916666666666664,0.27864552229998646,1,0.4024127548069403,S3
23,60,18,34,18,34,0,26.44259259259259,0.2820135195499889,1,0.07197208379146469,S3
23,60,16,36,15,37,0,23.951851851851853,0.2864446633999887,1,0.14469799255362278,S3
23,60,18,34,17,35,0,25.753703703703703,0.2821713488666577,1,0.07733611946938568,S3
23,76,15,53,15,53,0,20.112962962962964,0.31005175791665873,1,inf,S3
23,75,16,51,16,51,1,21.18148148148148,0.3071787833499958,1,0.1181923737812206,S3
23,75,15,52,16,51,0,20.75925925925926,0.3073096385666611,1,0.04246458347705754,S3
23,60,32,20,31,21,0,46.8,0.2622467171166379,1,0.4270744523437355,S3
23,60,32,20,32,20,0,48.19074074074074,0.2593507532999684,1,0.16450395976036988,S3
23,60,37,15,35,17,0,55.492592592592594,0.25781275628329864,1,0.12104077640692298,S3
23,60,37,15,35,17,1,55.69814814814814,0.2577227168832978,1,inf,S3
23,63,16,39,15,40,2,23.31296296296296,0.2937259835999939,1,0.10842967933944883,S3
23,63,15,40,15,40,2,23.201851851851853,0.2966898090499916,1,0.047479971490194735,S3
23,60,15,37,15,37,1,22.77592592592593,0.2976174967499883,2,0.11529555101530475,S3
23,68,15,45,15,45,0,22.56111111111111,0.306850239083327,2,0.10524990505484273,S3
23,60,22,30,21,31,0,32.09074074074074,0.2787236006666536,2,0.49650579128395117,S3
23,60,16,36,17,35,0,24.137037037037036,0.2874529713999917,2,0.07904075832220564,S3
23,60,17,35,16,36,0,24.733333333333334,0.28713410711665666,2,0.09155617649932316,S3
23,60,19,33,19,33,0,28.385185185185186,0.2841493932833211,2,0.18447989332711262,S3
23,77,15,54,15,54,0,20.609259259259257,0.3100766974833247,2,inf,S3
23,77,16,53,15,54,0,21.20925925925926,0.30910444443332596,2,0.02378365896340292,S3
23,75,16,51,15,52,1,21.557407407407407,0.3089918239166576,2,0.027469565249214237,S3
23,76,17,51,16,52,0,22.19074074074074,0.3076857079666531,2,0.03474776711588053,S3
23,60,34,18,32,20,0,49.492592592592594,0.26178286204996726,2,0.046478755188919085,S3
23,60,35,17,32,20,8,54.638888888888886,0.26112178238329603,2,0.024163941329803783,S3
23,60,34,18,33,19,0,51.48518518518518,0.26150216166663365,2,0.07746148365293144,S3
23,60,33,19,32,20,0,49.416666666666664,0.26330770548330096,2,0.40788818907111635,S3
23,68,41,19,39,21,0,54.60185185185185,0.26119811514996166,2,0.048000666048141516,S3
23,60,36,16,37,15,0,56.175925925925924,0.2581911696666282,2,inf,S3
23,60,36,16,36,16,0,56.007407407407406,0.25999204998329434,2,0.026941286541647264,S3
23,61,37,16,36,17,0,55.86666666666667,0.260535740399962,2,0.03012555710954734,S3
23,61,17,36,15,38,0,23.687037037037033,0.2938098872833232,2,0.08926281597624736,S3
23,61,16,37,15,38,0,23.392592592592592,0.29562985418332516,2,0.026197470660594753,S3
23,63,17,38,15,40,0,23.355555555555554,0.2960448531333242,2,0.027823279280104203,S3
23,60,37,15,36,16,8,59.90555555555555,0.2592907583499595,3,inf,S3
23,75,15,52,15,52,1,20.762962962962963,0.3137499519833245,3,inf,S3
23,60,22,30,20,32,0,32.45925925925926,0.2833388215666502,3,0.4348701556823338,S3
23,60,32,20,33,19,0,49.67777777777778,0.26676453669996847,3,0.39347292818602136,S3
23,60,17,35,17,35,0,25.396296296296295,0.2872858101166576,3,0.13628223212426638,S3
23,74,16,50,15,51,0,23.014814814814816,0.3034298760166552,3,0.12708831654785369,S3
23,60,19,33,18,34,0,29.127777777777776,0.2855386228333213,3,0.12645897660532124,S3
23,75,15,52,15,52,0,20.831481481481482,0.31070227441665604,3,0.12351526497031323,S3
23,61,35,18,32,21,7,53.11111111111111,0.26207552159996417,3,0.11409197778183458,S3
23,60,17,35,15,37,0,24.748148148148147,0.29428887336665743,3,0.08969911203628142,S3
23,60,34,18,31,21,1,50.57222222222222,0.2656829985499672,3,0.08690746507979655,S3
23,60,36,16,34,18,7,56.577777777777776,0.26161182981662773,3,0.08182631522588707,S3
24,60,16,36,15,37,2,23.853703703703705,0.28586216921665725,0,0.1628107542924629,S3
24,63,15,40,15,40,1,22.11111111111111,0.2969503419333242,0,0.01009450555550604,S3
24,75,16,51,15,52,0,20.655555555555555,0.30595194486665794,0,0.13029915877444564,S3
24,60,17,35,17,35,0,23.91111111111111,0.2765932981333206,0,0.571398280231507,S3
24,60,37,15,36,16,0,55.68703703703704,0.2564514962666307,0,inf,S3
24,62,15,39,15,39,1,22.35185185185185,0.29669167718332623,0,0.015904067856053812,S3
24,60,15,37,16,36,0,22.97407407407407,0.29654861468332766,0,0.05810906488183128,S3
24,62,15,39,15,39,0,21.96851851851852,0.29717553988332274,0,0.1094029353941541,S3
24,76,16,52,15,53,0,19.485185185185184,0.3068526313166587,0,inf,S3
24,60,32,20,31,21,1,44.72222222222222,0.25731760546663623,0,0.638686516495754,S3
24,63,16,39,15,40,0,23.024074074074075,0.2917700363333226,0,0.1181628955778935,S3
24,61,15,38,15,38,0,22.275925925925925,0.29717015348332515,1,0.08181812301126408,S3
24,60,21,31,19,33,0,30.12962962962963,0.28107381388331915,1,0.07249521330004988,S3
24,60,20,32,20,32,0,30.179629629629627,0.27992173029998746,1,0.03426063398401254,S3
24,60,21,31,20,32,0,30.916666666666664,0.27864552229998646,1,0.4024127548069403,S3
24,60,18,34,18,34,0,26.44259259259259,0.2820135195499889,1,0.07197208379146469,S3
24,60,16,36,15,37,0,23.951851851851853,0.2864446633999887,1,0.14469799255362278,S3
24,60,18,34,17,35,0,25.753703703703703,0.2821713488666577,1,0.07733611946938568,S3
24,68,15,45,16,44,0,22.109259259259257,0.3036460479666586,1,0.11100950595298918,S3
24,76,15,53,15,53,0,20.112962962962964,0.31005175791665873,1,inf,S3
24,75,16,51,16,51,1,21.18148148148148,0.3071787833499958,1,0.05397389690548224,S3
24,75,15,52,16,51,0,20.75925925925926,0.3073096385666611,1,0.04246458347705754,S3
24,60,32,20,31,21,0,46.8,0.2622467171166379,1,0.4270744523437355,S3
24,60,32,20,32,20,0,48.19074074074074,0.2593507532999684,1,0.16450395976036988,S3
24,60,37,15,35,17,0,55.492592592592594,0.25781275628329864,1,0.12104077640692298,S3
24,60,37,15,35,17,1,55.69814814814814,0.2577227168832978,1,inf,S3
24,63,16,39,15,40,2,23.31296296296296,0.2937259835999939,1,0.10842967933944883,S3
24,63,15,40,15,40,2,23.201851851851853,0.2966898090499916,1,0.047479971490194735,S3
24,60,15,37,15,37,1,22.77592592592593,0.2976174967499883,2,0.11529555101530475,S3
24,60,22,30,21,31,0,32.09074074074074,0.2787236006666536,2,0.49650579128395117,S3
24,60,16,36,17,35,0,24.137037037037036,0.2874529713999917,2,0.07904075832220564,S3
24,60,17,35,16,36,0,24.733333333333334,0.28713410711665666,2,0.09155617649932316,S3
24,60,19,33,19,33,0,28.385185185185186,0.2841493932833211,2,0.18447989332711262,S3
24,68,15,45,15,45,0,22.56111111111111,0.306850239083327,2,0.10524990505484273,S3
24,77,15,54,15,54,0,20.609259259259257,0.3100766974833247,2,inf,S3
24,77,16,53,15,54,0,21.20925925925926,0.30910444443332596,2,0.02378365896340292,S3
24,75,16,51,15,52,1,21.557407407407407,0.3089918239166576,2,0.027469565249214237,S3
24,76,17,51,16,52,0,22.19074074074074,0.3076857079666531,2,0.03474776711588053,S3
24,60,34,18,32,20,0,49.492592592592594,0.26178286204996726,2,0.046478755188919085,S3
24,60,35,17,32,20,8,54.638888888888886,0.26112178238329603,2,0.024163941329803783,S3
24,60,34,18,33,19,0,51.48518518518518,0.26150216166663365,2,0.07746148365293144,S3
24,60,33,19,32,20,0,49.416666666666664,0.26330770548330096,2,0.40788818907111635,S3
24,68,41,19,39,21,0,54.60185185185185,0.26119811514996166,2,0.048000666048141516,S3
24,60,36,16,37,15,0,56.175925925925924,0.2581911696666282,2,inf,S3
24,60,36,16,36,16,0,56.007407407407406,0.25999204998329434,2,0.026941286541647264,S3
24,61,37,16,36,17,0,55.86666666666667,0.260535740399962,2,0.03012555710954734,S3
24,61,17,36,15,38,0,23.687037037037033,0.2938098872833232,2,0.08926281597624736,S3
24,61,16,37,15,38,0,23.392592592592592,0.29562985418332516,2,0.026197470660594753,S3
24,63,17,38,15,40,0,23.355555555555554,0.2960448531333242,2,0.027823279280104203,S3
24,75,15,52,15,52,1,20.762962962962963,0.3137499519833245,3,inf,S3
24,60,37,15,36,16,8,59.90555555555555,0.2592907583499595,3,inf,S3
24,60,32,20,33,19,0,49.67777777777778,0.26676453669996847,3,0.39347292818602136,S3
24,60,22,30,20,32,0,32.45925925925926,0.2833388215666502,3,0.37884577940011843,S3
24,60,17,35,17,35,0,25.396296296296295,0.2872858101166576,3,0.13628223212426638,S3
24,60,17,35,15,37,0,24.748148148148147,0.29428887336665743,3,0.12281328390137651,S3
24,60,19,33,18,34,0,29.127777777777776,0.2855386228333213,3,0.1197308597358738,S3
24,61,35,18,32,21,7,53.11111111111111,0.26207552159996417,3,0.11409197778183458,S3
24,60,36,16,34,18,7,56.577777777777776,0.26161182981662773,3,0.11235836539874736,S3
24,60,34,18,31,21,1,50.57222222222222,0.2656829985499672,3,0.08690746507979655,S3
24,76,16,52,15,53,1,22.516666666666666,0.30791598644999146,3,0.07364054218162097,S3
25,60,16,36,15,37,2,23.853703703703705,0.28586216921665725,0,0.15516448663474428,S3
25,63,15,40,15,40,1,22.11111111111111,0.2969503419333242,0,0.010278651248741798,S3
25,75,16,51,15,52,0,20.655555555555555,0.30595194486665794,0,0.12773502061911554,S3
25,60,17,35,17,35,0,23.91111111111111,0.2765932981333206,0,0.5801578586804839,S3
25,62,15,39,15,39,1,22.35185185185185,0.29669167718332623,0,0.01671344785717526,S3
25,60,15,37,16,36,0,22.97407407407407,0.29654861468332766,0,0.056092962248370265,S3
25,62,15,39,15,39,0,21.96851851851852,0.29717553988332274,0,0.10598798580041986,S3
25,76,16,52,15,53,0,19.485185185185184,0.3068526313166587,0,inf,S3
25,60,32,20,31,21,1,44.72222222222222,0.25731760546663623,0,0.6507288792490281,S3
25,63,16,39,15,40,0,23.024074074074075,0.2917700363333226,0,0.11308628505684454,S3
25,60,35,17,36,16,0,52.78148148148148,0.25335468914996406,0,inf,S3
25,61,15,38,15,38,0,22.275925925925925,0.29717015348332515,1,0.08024655675129805,S3
25,60,21,31,19,33,0,30.12962962962963,0.28107381388331915,1,0.07203759087385715,S3
25,60,20,32,20,32,0,30.179629629629627,0.27992173029998746,1,0.0337138100520152,S3
25,60,21,31,20,32,0,30.916666666666664,0.27864552229998646,1,0.39848033993879606,S3
25,60,18,34,18,34,0,26.44259259259259,0.2820135195499889,1,0.07174257427236488,S3
25,60,16,36,15,37,0,23.951851851851853,0.2864446633999887,1,0.1420902950626557,S3
25,60,18,34,17,35,0,25.753703703703703,0.2821713488666577,1,0.07634290376279163,S3
25,68,15,45,16,44,0,22.109259259259257,0.3036460479666586,1,0.108746242042042,S3
25,76,15,53,15,53,0,20.112962962962964,0.31005175791665873,1,inf,S3
25,75,16,51,16,51,1,21.18148148148148,0.3071787833499958,1,0.05314961107275279,S3
25,75,15,52,16,51,0,20.75925925925926,0.3073096385666611,1,0.04181822473526224,S3
25,60,32,20,31,21,0,46.8,0.2622467171166379,1,0.42277785160659587,S3
25,60,32,20,32,20,0,48.19074074074074,0.2593507532999684,1,0.16353732305709553,S3
25,63,16,39,15,40,2,23.31296296296296,0.2937259835999939,1,0.10611130669414051,S3
25,63,15,40,15,40,2,23.201851851851853,0.2966898090499916,1,0.04670403537011361,S3
25,60,37,15,36,16,0,55.68703703703704,0.2564514962666307,1,inf,S3
25,60,37,15,35,17,0,55.492592592592594,0.25781275628329864,1,0.13240696685895043,S3
25,60,15,37,15,37,1,22.77592592592593,0.2976174967499883,2,0.11451591338997477,S3
25,60,22,30,21,31,0,32.09074074074074,0.2787236006666536,2,0.46632343534870624,S3
25,60,16,36,17,35,0,24.137037037037036,0.2874529713999917,2,0.07866541045264572,S3
25,60,17,35,16,36,0,24.733333333333334,0.28713410711665666,2,0.09208449385833545,S3
25,60,19,33,19,33,0,28.385185185185186,0.2841493932833211,2,0.18516302774989116,S3
25,68,15,45,15,45,0,22.56111111111111,0.306850239083327,2,0.10449377527296895,S3
25,77,15,54,15,54,0,20.609259259259257,0.3100766974833247,2,inf,S3
25,77,16,53,15,54,0,21.20925925925926,0.30910444443332596,2,0.02387160708909202,S3
25,75,16,51,15,52,1,21.557407407407407,0.3089918239166576,2,0.02753510620948873,S3
25,76,17,51,16,52,0,22.19074074074074,0.3076857079666531,2,0.034755233254519874,S3
25,60,34,18,32,20,0,49.492592592592594,0.26178286204996726,2,0.04671902181751228,S3
25,60,35,17,32,20,8,54.638888888888886,0.26112178238329603,2,0.004875892671082784,S3
25,60,34,18,33,19,0,51.48518518518518,0.26150216166663365,2,0.07838906815519042,S3
25,60,33,19,32,20,0,49.416666666666664,0.26330770548330096,2,0.048055792247238764,S3
25,68,41,19,39,21,0,54.60185185185185,0.26119811514996166,2,0.04857154354508702,S3
25,60,36,16,35,17,0,54.785185185185185,0.2609611107999631,2,0.04755628191297667,S3
25,60,32,20,32,20,0,49.1462962962963,0.2662979985999675,2,0.39411375144149113,S3
25,61,17,36,15,38,0,23.687037037037033,0.2938098872833232,2,0.08870025361288601,S3
25,61,16,37,15,38,0,23.392592592592592,0.29562985418332516,2,0.02606820934680932,S3
25,63,17,38,15,40,0,23.355555555555554,0.2960448531333242,2,0.027769933371813604,S3
25,60,37,15,35,17,1,55.69814814814814,0.2577227168832978,2,inf,S3
25,60,36,16,37,15,0,56.175925925925924,0.2581911696666282,3,inf,S3
25,75,15,52,15,52,1,20.762962962962963,0.3137499519833245,3,inf,S3
25,60,22,30,20,32,0,32.45925925925926,0.2833388215666502,3,0.4591049512247297,S3
25,60,32,20,33,19,0,49.67777777777778,0.26676453669996847,3,0.41463234062947935,S3
25,60,15,37,15,37,0,23.22222222222222,0.300186263916657,3,0.16589152146403044,S3
25,60,16,36,15,37,1,24.6462962962963,0.2928236635166548,3,0.14679336156787337,S3
25,60,19,33,18,34,0,29.127777777777776,0.2855386228333213,3,0.1352436806732888,S3
25,60,17,35,17,35,0,25.396296296296295,0.2872858101166576,3,0.12883614903009166,S3
25,61,35,18,32,21,7,53.11111111111111,0.26207552159996417,3,0.12107554819030882,S3
25,76,16,52,15,53,1,22.516666666666666,0.30791598644999146,3,0.11888680202418941,S3
25,60,34,18,31,21,1,50.57222222222222,0.2656829985499672,3,0.09067434251376466,S3
26,60,16,36,15,37,2,23.853703703703705,0.28586216921665725,0,0.15516448663474428,S3
26,63,15,40,15,40,1,22.11111111111111,0.2969503419333242,0,0.010278651248741798,S3
26,75,16,51,15,52,0,20.655555555555555,0.30595194486665794,0,0.10469581331964167,S3
26,60,17,35,17,35,0,23.91111111111111,0.2765932981333206,0,0.5801578586804839,S3
26,62,15,39,15,39,1,22.35185185185185,0.29669167718332623,0,0.01671344785717526,S3
26,60,15,37,16,36,0,22.97407407407407,0.29654861468332766,0,0.056092962248370265,S3
26,62,15,39,15,39,0,21.96851851851852,0.29717553988332274,0,0.02728521007029895,S3
26,76,16,52,15,53,0,19.485185185185184,0.3068526313166587,0,inf,S3
26,60,32,20,31,21,1,44.72222222222222,0.25731760546663623,0,0.5241825699661155,S3
26,63,16,39,15,40,0,23.024074074074075,0.2917700363333226,0,0.11308628505684454,S3
26,60,35,17,36,16,0,52.78148148148148,0.25335468914996406,0,inf,S3
26,61,33,20,32,21,1,46.22592592592592,0.2563616581666391,0,0.1580613850155557,S3
26,67,15,44,16,43,0,21.268518518518515,0.2985159337833259,0,0.1017419830295948,S3
26,61,15,38,15,38,0,22.275925925925925,0.29717015348332515,1,0.08012211840605885,S3
26,60,21,31,19,33,0,30.12962962962963,0.28107381388331915,1,0.07546602693859283,S3
26,60,20,32,20,32,0,30.179629629629627,0.27992173029998746,1,0.03408283185118482,S3
26,60,21,31,20,32,0,30.916666666666664,0.27864552229998646,1,0.043677143591713964,S3
26,60,18,34,18,34,0,26.44259259259259,0.2820135195499889,1,0.07599723092519128,S3
26,60,16,36,15,37,0,23.951851851851853,0.2864446633999887,1,0.14252002559636054,S3
26,60,18,34,17,35,0,25.753703703703703,0.2821713488666577,1,0.07808860012001034,S3
26,60,21,31,21,31,0,31.727777777777778,0.2776985771499856,1,0.34313595062344937,S3
26,76,15,53,15,53,0,20.112962962962964,0.31005175791665873,1,inf,S3
26,75,16,51,16,51,1,21.18148148148148,0.3071787833499958,1,0.05387168336653727,S3
26,75,15,52,16,51,0,20.75925925925926,0.3073096385666611,1,0.04239449044928599,S3
26,63,16,39,15,40,2,23.31296296296296,0.2937259835999939,1,0.1050544032634327,S3
26,63,15,40,15,40,2,23.201851851851853,0.2966898090499916,1,0.04714684606420985,S3
26,60,35,17,35,17,0,53.28703703703704,0.25541121146663204,1,inf,S3
26,60,32,20,31,21,0,46.8,0.2622467171166379,1,0.09377998705708053,S3
26,60,32,20,32,20,0,48.19074074074074,0.2593507532999684,1,0.16032244732573842,S3
26,60,32,20,30,22,0,46.58888888888889,0.2669607453333027,1,0.36856424302838575,S3
26,68,15,45,16,44,0,22.109259259259257,0.3036460479666586,1,0.1080815853899165,S3
26,60,15,37,15,37,1,22.77592592592593,0.2976174967499883,2,0.11207318311892848,S3
26,60,16,36,17,35,0,24.137037037037036,0.2874529713999917,2,0.07715875079909507,S3
26,60,17,35,16,36,0,24.733333333333334,0.28713410711665666,2,0.09135574545286021,S3
26,60,19,33,19,33,0,28.385185185185186,0.2841493932833211,2,0.18329211581404736,S3
26,60,22,30,21,31,0,32.09074074074074,0.2787236006666536,2,0.4623756259962796,S3
26,77,15,54,15,54,0,20.609259259259257,0.3100766974833247,2,inf,S3
26,77,16,53,15,54,0,21.20925925925926,0.30910444443332596,2,0.023630273639493455,S3
26,75,16,51,15,52,1,21.557407407407407,0.3089918239166576,2,0.02721833737294238,S3
26,61,17,36,15,38,0,23.687037037037033,0.2938098872833232,2,0.08685238511405036,S3
26,61,16,37,15,38,0,23.392592592592592,0.29562985418332516,2,0.025563714078010585,S3
26,63,17,38,15,40,0,23.355555555555554,0.2960448531333242,2,0.0273227187814519,S3
26,60,37,15,36,16,0,55.68703703703704,0.2564514962666307,2,inf,S3
26,60,37,15,35,17,0,55.492592592592594,0.25781275628329864,2,0.10839056382590363,S3
26,60,34,18,32,20,0,49.492592592592594,0.26178286204996726,2,0.04491465653765313,S3
26,60,33,19,32,20,0,49.416666666666664,0.26330770548330096,2,0.04703513811332307,S3
26,60,32,20,32,20,0,49.1462962962963,0.2662979985999675,2,0.3907018287788223,S3
26,60,35,17,33,19,0,50.7,0.26045248809996907,2,0.12254139615218274,S3
26,68,15,45,15,45,0,22.56111111111111,0.306850239083327,2,0.10221699525470795,S3
26,76,17,51,16,52,0,22.19074074074074,0.3076857079666531,2,0.03427491340804591,S3
26,60,37,15,35,17,1,55.69814814814814,0.2577227168832978,3,inf,S3
26,75,15,52,15,52,1,20.762962962962963,0.3137499519833245,3,inf,S3
26,60,22,30,20,32,0,32.45925925925926,0.2833388215666502,3,0.46166037337408883,S3
26,60,32,20,33,19,0,49.67777777777778,0.26676453669996847,3,0.4168013284611238,S3
26,60,16,36,15,37,1,24.6462962962963,0.2928236635166548,3,0.14624245535702934,S3
26,60,19,33,18,34,0,29.127777777777776,0.2855386228333213,3,0.13631050683077933,S3
26,60,17,35,17,35,0,25.396296296296295,0.2872858101166576,3,0.12915332911162733,S3
26,60,15,37,15,37,0,23.22222222222222,0.300186263916657,3,0.11800241186390847,S3
26,60,34,18,33,19,0,51.48518518518518,0.26150216166663365,3,0.09769707570995492,S3
26,76,16,52,15,53,1,22.516666666666666,0.30791598644999146,3,0.08761353465038432,S3
27,60,16,36,15,37,2,23.853703703703705,0.28586216921665725,0,0.15516448663474428,S3
27,63,15,40,15,40,1,22.11111111111111,0.2969503419333242,0,0.025764452752394466,S3
27,75,16,51,15,52,0,20.655555555555555,0.30595194486665794,0,0.10469581331964167,S3
27,60,17,35,17,35,0,23.91111111111111,0.2765932981333206,0,0.5801578586804839,S3
27,62,15,39,15,39,0,21.96851851851852,0.29717553988332274,0,0.02728521007029895,S3
27,76,16,52,15,53,0,19.485185185185184,0.3068526313166587,0,inf,S3
27,60,32,20,31,21,1,44.72222222222222,0.25731760546663623,0,0.5241825699661155,S3
27,63,16,39,15,40,0,23.024074074074075,0.2917700363333226,0,0.08839547531442687,S3
27,60,35,17,36,16,0,52.78148148148148,0.25335468914996406,0,inf,S3
27,61,33,20,32,21,1,46.22592592592592,0.2563616581666391,0,0.1580613850155557,S3
27,67,15,44,16,43,0,21.268518518518515,0.2985159337833259,0,0.1017419830295948,S3
27,64,15,41,15,41,0,22.255555555555556,0.2948800386333239,0,0.041404257599592924,S3
27,63,16,39,15,40,0,22.8462962962963,0.2937014960999912,0,0.04060716074471761,S3
27,60,21,31,19,33,0,30.12962962962963,0.28107381388331915,1,0.07546602693859283,S3
27,60,20,32,20,32,0,30.179629629629627,0.27992173029998746,1,0.03408283185118482,S3
27,60,21,31,20,32,0,30.916666666666664,0.27864552229998646,1,0.043677143591713964,S3
27,60,18,34,18,34,0,26.44259259259259,0.2820135195499889,1,0.07599723092519128,S3
27,60,16,36,15,37,0,23.951851851851853,0.2864446633999887,1,0.14252002559636054,S3
27,60,18,34,17,35,0,25.753703703703703,0.2821713488666577,1,0.07808860012001034,S3
27,60,21,31,21,31,0,31.727777777777778,0.2776985771499856,1,0.34313595062344937,S3
27,76,15,53,15,53,0,20.112962962962964,0.31005175791665873,1,inf,S3
27,75,16,51,16,51,1,21.18148148148148,0.3071787833499958,1,0.03825409171872006,S3
27,75,15,52,16,51,0,20.75925925925926,0.3073096385666611,1,0.04239449044928599,S3
27,60,35,17,35,17,0,53.28703703703704,0.25541121146663204,1,inf,S3
27,60,32,20,31,21,0,46.8,0.2622467171166379,1,0.09377998705708053,S3
27,60,32,20,32,20,0,48.19074074074074,0.2593507532999684,1,0.16032244732573842,S3
27,60,32,20,30,22,0,46.58888888888889,0.2669607453333027,1,0.36856424302838575,S3
27,68,15,45,16,44,0,22.109259259259257,0.3036460479666586,1,0.0773886501609525,S3
27,72,15,49,15,49,0,21.668518518518518,0.30462681763332244,1,0.046310526876781194,S3
27,62,15,39,15,39,1,22.35185185185185,0.29669167718332623,1,0.01621002001817257,S3
27,61,15,38,15,38,0,22.275925925925925,0.29717015348332515,1,0.0672938145424636,S3
27,60,15,37,16,36,0,22.97407407407407,0.29654861468332766,1,0.04162409003488155,S3
27,63,16,39,15,40,2,23.31296296296296,0.2937259835999939,1,0.1071954431381837,S3
27,60,16,36,17,35,0,24.137037037037036,0.2874529713999917,2,0.07715875079909507,S3
27,60,17,35,16,36,0,24.733333333333334,0.28713410711665666,2,0.09135574545286021,S3
27,60,19,33,19,33,0,28.385185185185186,0.2841493932833211,2,0.18329211581404736,S3
27,60,22,30,21,31,0,32.09074074074074,0.2787236006666536,2,0.47876278965539765,S3
27,77,15,54,15,54,0,20.609259259259257,0.3100766974833247,2,inf,S3
27,77,16,53,15,54,0,21.20925925925926,0.30910444443332596,2,0.023630273639493455,S3
27,75,16,51,15,52,1,21.557407407407407,0.3089918239166576,2,0.02721833737294238,S3
27,60,37,15,36,16,0,55.68703703703704,0.2564514962666307,2,inf,S3
27,60,37,15,35,17,0,55.492592592592594,0.25781275628329864,2,0.10839056382590363,S3
27,60,34,18,32,20,0,49.492592592592594,0.26178286204996726,2,0.04491465653765313,S3
27,60,33,19,32,20,0,49.416666666666664,0.26330770548330096,2,0.03064797445420503,S3
27,60,35,17,33,19,0,50.7,0.26045248809996907,2,0.12254139615218274,S3
27,60,32,20,32,20,1,49.06111111111111,0.2644102417333012,2,0.3907018287788223,S3
27,76,17,51,16,52,0,22.19074074074074,0.3076857079666531,2,0.03427491340804591,S3
27,60,15,37,15,37,1,22.77592592592593,0.2976174967499883,2,0.10386873217059325,S3
27,68,15,45,15,45,0,22.56111111111111,0.306850239083327,2,0.10221699525470795,S3
27,63,15,40,15,40,2,23.201851851851853,0.2966898090499916,2,0.022925351864280928,S3
27,61,17,36,15,38,0,23.687037037037033,0.2938098872833232,2,0.08685238511405036,S3
27,61,16,37,15,38,0,23.392592592592592,0.29562985418332516,2,0.025563714078010585,S3
27,63,17,38,15,40,0,23.355555555555554,0.2960448531333242,2,0.01260181786550621,S3
27,75,15,52,15,52,1,20.762962962962963,0.3137499519833245,3,inf,S3
27,60,37,15,35,17,1,55.69814814814814,0.2577227168832978,3,inf,S3
27,60,32,20,32,20,0,49.1462962962963,0.2662979985999675,3,0.46717860876402023,S3
27,60,22,30,20,32,0,32.45925925925926,0.2833388215666502,3,0.4582171882107745,S3
27,60,34,18,33,19,0,51.48518518518518,0.26150216166663365,3,0.17029933130458338,S3
27,60,15,37,15,37,0,23.22222222222222,0.300186263916657,3,0.16516710368620363,S3
27,76,16,52,15,53,1,22.516666666666666,0.30791598644999146,3,0.15624294395117044,S3
28,60,16,36,15,37,2,23.853703703703705,0.28586216921665725,0,0.15516448663474428,S3
28,63,15,40,15,40,1,22.11111111111111,0.2969503419333242,0,0.025764452752394466,S3
28,75,16,51,15,52,0,20.655555555555555,0.30595194486665794,0,0.10469581331964167,S3
28,60,17,35,17,35,0,23.91111111111111,0.2765932981333206,0,0.5801578586804839,S3
28,62,15,39,15,39,0,21.96851851851852,0.29717553988332274,0,0.02728521007029895,S3
28,76,16,52,15,53,0,19.485185185185184,0.3068526313166587,0,inf,S3
28,60,32,20,31,21,1,44.72222222222222,0.25731760546663623,0,0.5241825699661155,S3
28,63,16,39,15,40,0,23.024074074074075,0.2917700363333226,0,0.08839547531442687,S3
28,60,35,17,36,16,0,52.78148148148148,0.25335468914996406,0,inf,S3
28,61,33,20,32,21,1,46.22592592592592,0.2563616581666391,0,0.12353726403352495,S3
28,67,15,44,16,43,0,21.268518518518515,0.2985159337833259,0,0.1017419830295948,S3
28,64,15,41,15,41,0,22.255555555555556,0.2948800386333239,0,0.041404257599592924,S3
28,63,16,39,15,40,0,22.8462962962963,0.2937014960999912,0,0.04060716074471761,S3
28,60,35,17,34,18,0,51.55185185185185,0.2550729531666328,0,0.12654630928291272,S3
28,60,21,31,19,33,0,30.12962962962963,0.28107381388331915,1,0.07546602693859283,S3
28,60,20,32,20,32,0,30.179629629629627,0.27992173029998746,1,0.03408283185118482,S3
28,60,21,31,20,32,0,30.916666666666664,0.27864552229998646,1,0.043677143591713964,S3
28,60,18,34,18,34,0,26.44259259259259,0.2820135195499889,1,0.07599723092519128,S3
28,60,16,36,15,37,0,23.951851851851853,0.2864446633999887,1,0.14252002559636054,S3
28,60,18,34,17,35,0,25.753703703703703,0.2821713488666577,1,0.07808860012001034,S3
28,60,21,31,21,31,0,31.727777777777778,0.2776985771499856,1,0.34313595062344937,S3
28,76,15,53,15,53,0,20.112962962962964,0.31005175791665873,1,inf,S3
28,75,16,51,16,51,1,21.18148148148148,0.3071787833499958,1,0.03825409171872006,S3
28,75,15,52,16,51,0,20.75925925925926,0.3073096385666611,1,0.04239449044928599,S3
28,60,32,20,31,21,0,46.8,0.2622467171166379,1,0.09377998705708053,S3
28,60,32,20,32,20,0,48.19074074074074,0.2593507532999684,1,0.16032244732573842,S3
28,60,32,20,30,22,0,46.58888888888889,0.2669607453333027,1,0.36856424302838575,S3
28,68,15,45,16,44,0,22.109259259259257,0.3036460479666586,1,0.019036631495644926,S3
28,72,15,49,15,49,0,21.668518518518518,0.30462681763332244,1,0.046310526876781194,S3
28,72,16,48,15,49,0,22.1462962962963,0.30333341473332476,1,0.06177105851313529,S3
28,62,15,39,15,39,1,22.35185185185185,0.29669167718332623,1,0.01621002001817257,S3
28,61,15,38,15,38,0,22.275925925925925,0.29717015348332515,1,0.06387477469463587,S3
28,60,15,37,16,36,0,22.97407407407407,0.29654861468332766,1,0.04162409003488155,S3
28,63,16,39,15,40,2,23.31296296296296,0.2937259835999939,1,0.1071954431381837,S3
28,60,35,17,35,17,0,53.28703703703704,0.25541121146663204,1,inf,S3
28,60,16,36,17,35,0,24.137037037037036,0.2874529713999917,2,0.07715875079909507,S3
28,60,17,35,16,36,0,24.733333333333334,0.28713410711665666,2,0.09135574545286021,S3
28,60,19,33,19,33,0,28.385185185185186,0.2841493932833211,2,0.18329211581404736,S3
28,60,22,30,21,31,0,32.09074074074074,0.2787236006666536,2,0.47876278965539765,S3
28,77,15,54,15,54,0,20.609259259259257,0.3100766974833247,2,inf,S3
28,77,16,53,15,54,0,21.20925925925926,0.30910444443332596,2,0.023630273639493455,S3
28,75,16,51,15,52,1,21.557407407407407,0.3089918239166576,2,0.02721833737294238,S3
28,60,34,18,32,20,0,49.492592592592594,0.26178286204996726,2,0.04491465653765313,S3
28,60,33,19,32,20,0,49.416666666666664,0.26330770548330096,2,0.03064797445420503,S3
28,60,35,17,33,19,0,50.7,0.26045248809996907,2,0.12254139615218274,S3
28,60,32,20,32,20,1,49.06111111111111,0.2644102417333012,2,0.3907018287788223,S3
28,76,17,51,16,52,0,22.19074074074074,0.3076857079666531,2,0.03427491340804591,S3
28,60,15,37,15,37,1,22.77592592592593,0.2976174967499883,2,0.10386873217059325,S3
28,68,15,45,15,45,0,22.56111111111111,0.306850239083327,2,0.10221699525470795,S3
28,63,15,40,15,40,2,23.201851851851853,0.2966898090499916,2,0.022925351864280928,S3
28,61,17,36,15,38,0,23.687037037037033,0.2938098872833232,2,0.08685238511405036,S3
28,61,16,37,15,38,0,23.392592592592592,0.29562985418332516,2,0.025563714078010585,S3
28,63,17,38,15,40,0,23.355555555555554,0.2960448531333242,2,0.01260181786550621,S3
28,60,37,15,36,16,0,55.68703703703704,0.2564514962666307,2,inf,S3
28,60,37,15,35,17,0,55.492592592592594,0.25781275628329864,2,0.10839056382590363,S3
28,75,15,52,15,52,1,20.762962962962963,0.3137499519833245,3,inf,S3
28,60,37,15,35,17,1,55.69814814814814,0.2577227168832978,3,inf,S3
28,75,35,32,35,32,0,47.30925925925926,0.28202759414997103,3,0.3909047625564376,S3
28,60,22,30,20,32,0,32.45925925925926,0.2833388215666502,3,0.29846032651145515,S3
28,60,32,20,32,20,0,49.1462962962963,0.2662979985999675,3,0.24294046898209487,S3
29,60,16,36,15,37,2,23.853703703703705,0.28586216921665725,0,0.15516448663474428,S3
29,63,15,40,15,40,1,22.11111111111111,0.2969503419333242,0,0.025764452752394466,S3
29,75,16,51,15,52,0,20.655555555555555,0.30595194486665794,0,0.10469581331964167,S3
29,60,17,35,17,35,0,23.91111111111111,0.2765932981333206,0,0.5801578586804839,S3
29,62,15,39,15,39,0,21.96851851851852,0.29717553988332274,0,0.02728521007029895,S3
29,76,16,52,15,53,0,19.485185185185184,0.3068526313166587,0,inf,S3
29,60,32,20,31,21,1,44.72222222222222,0.25731760546663623,0,0.5241825699661155,S3
29,63,16,39,15,40,0,23.024074074074075,0.2917700363333226,0,0.08839547531442687,S3
29,60,35,17,36,16,0,52.78148148148148,0.25335468914996406,0,inf,S3
29,61,33,20,32,21,1,46.22592592592592,0.2563616581666391,0,0.12353726403352495,S3
29,67,15,44,16,43,0,21.268518518518515,0.2985159337833259,0,0.1017419830295948,S3
29,64,15,41,15,41,0,22.255555555555556,0.2948800386333239,0,0.041404257599592924,S3
29,63,16,39,15,40,0,22.8462962962963,0.2937014960999912,0,0.04060716074471761,S3
29,60,35,17,34,18,0,51.55185185185185,0.2550729531666328,0,0.12654630928291272,S3
29,60,21,31,19,33,0,30.12962962962963,0.28107381388331915,1,0.07546602693859283,S3
29,60,20,32,20,32,0,30.179629629629627,0.27992173029998746,1,0.03408283185118482,S3
29,60,21,31,20,32,0,30.916666666666664,0.27864552229998646,1,0.043677143591713964,S3
29,60,18,34,18,34,0,26.44259259259259,0.2820135195499889,1,0.07599723092519128,S3
29,60,16,36,15,37,0,23.951851851851853,0.2864446633999887,1,0.12728626194457957,S3
29,60,18,34,17,35,0,25.753703703703703,0.2821713488666577,1,0.07808860012001034,S3
29,60,21,31,21,31,0,31.727777777777778,0.2776985771499856,1,0.34313595062344937,S3
29,76,15,53,15,53,0,20.112962962962964,0.31005175791665873,1,inf,S3
29,75,16,51,16,51,1,21.18148148148148,0.3071787833499958,1,0.05798680595555283,S3
29,75,15,52,16,51,0,20.75925925925926,0.3073096385666611,1,0.04239449044928599,S3
29,63,16,39,17,38,0,23.557407407407407,0.292463842233323,1,0.0762586170921464,S3
29,60,32,20,31,21,0,46.8,0.2622467171166379,1,0.09377998705708053,S3
29,60,32,20,32,20,0,48.19074074074074,0.2593507532999684,1,0.16032244732573842,S3
29,60,32,20,30,22,0,46.58888888888889,0.2669607453333027,1,0.36856424302838575,S3
29,75,16,51,16,51,0,21.32037037037037,0.3018969751833245,1,0.1080815853899165,S3
29,62,15,39,15,39,1,22.35185185185185,0.29669167718332623,1,0.01621002001817257,S3
29,61,15,38,15,38,0,22.275925925925925,0.29717015348332515,1,0.06317869195344804,S3
29,60,15,37,16,36,0,22.97407407407407,0.29654861468332766,1,0.04162409003488155,S3
29,63,16,39,15,40,2,23.31296296296296,0.2937259835999939,1,0.04617058969781826,S3
29,60,35,17,35,17,0,53.28703703703704,0.25541121146663204,1,inf,S3
29,60,16,36,17,35,0,24.137037037037036,0.2874529713999917,2,0.07715875079909507,S3
29,60,17,35,16,36,0,24.733333333333334,0.28713410711665666,2,0.09135574545286021,S3
29,60,19,33,19,33,0,28.385185185185186,0.2841493932833211,2,0.18329211581404736,S3
29,60,22,30,21,31,0,32.09074074074074,0.2787236006666536,2,0.47876278965539765,S3
29,77,15,54,15,54,0,20.609259259259257,0.3100766974833247,2,inf,S3
29,77,16,53,15,54,0,21.20925925925926,0.30910444443332596,2,0.023630273639493455,S3
29,60,34,18,32,20,0,49.492592592592594,0.26178286204996726,2,0.04491465653765313,S3
29,60,33,19,32,20,0,49.416666666666664,0.26330770548330096,2,0.03064797445420503,S3
29,60,35,17,33,19,0,50.7,0.26045248809996907,2,0.12254139615218274,S3
29,60,32,20,32,20,1,49.06111111111111,0.2644102417333012,2,0.3907018287788223,S3
29,68,15,45,16,44,0,22.109259259259257,0.3036460479666586,2,0.018869918355746418,S3
29,72,15,49,15,49,0,21.668518518518518,0.30462681763332244,2,0.0435245058295751,S3
29,72,16,48,15,49,0,22.1462962962963,0.30333341473332476,2,0.06571274926743997,S3
29,75,16,51,15,52,1,21.557407407407407,0.3089918239166576,2,0.020198077530635267,S3
29,76,17,51,15,53,0,21.605555555555554,0.3075440309999932,2,0.04228298864142888,S3
29,60,15,37,15,37,1,22.77592592592593,0.2976174967499883,2,0.07699073858146387,S3
29,63,15,40,15,40,2,23.201851851851853,0.2966898090499916,2,0.022925351864280928,S3
29,61,17,36,15,38,0,23.687037037037033,0.2938098872833232,2,0.08685238511405036,S3
29,61,16,37,15,38,0,23.392592592592592,0.29562985418332516,2,0.025563714078010585,S3
29,63,17,38,15,40,0,23.355555555555554,0.2960448531333242,2,0.01260181786550621,S3
29,60,37,15,36,16,0,55.68703703703704,0.2564514962666307,2,inf,S3
29,60,37,15,35,17,0,55.492592592592594,0.25781275628329864,2,0.10839056382590363,S3
29,75,15,52,15,52,1,20.762962962962963,0.3137499519833245,3,inf,S3
29,60,37,15,35,17,1,55.69814814814814,0.2577227168832978,3,inf,S3
29,60,32,20,32,20,0,49.1462962962963,0.2662979985999675,3,0.4243330895709393,S3
29,63,24,31,24,31,0,35.92962962962963,0.2817619011666504,3,0.3909047625564376,S3
30,60,16,36,15,37,2,23.853703703703705,0.28586216921665725,0,0.15516448663474428,S3
30,63,15,40,15,40,1,22.11111111111111,0.2969503419333242,0,0.025764452752394466,S3
30,75,16,51,15,52,0,20.655555555555555,0.30595194486665794,0,0.10469581331964167,S3
30,60,17,35,17,35,0,23.91111111111111,0.2765932981333206,0,0.5801578586804839,S3
30,62,15,39,15,39,0,21.96851851851852,0.29717553988332274,0,0.02728521007029895,S3
30,76,16,52,15,53,0,19.485185185185184,0.3068526313166587,0,inf,S3
30,60,32,20,31,21,1,44.72222222222222,0.25731760546663623,0,0.5241825699661155,S3
30,63,16,39,15,40,0,23.024074074074075,0.2917700363333226,0,0.08839547531442687,S3
30,60,35,17,36,16,0,52.78148148148148,0.25335468914996406,0,inf,S3
30,61,33,20,32,21,1,46.22592592592592,0.2563616581666391,0,0.12353726403352495,S3
30,67,15,44,16,43,0,21.268518518518515,0.2985159337833259,0,0.1017419830295948,S3
30,64,15,41,15,41,0,22.255555555555556,0.2948800386333239,0,0.041404257599592924,S3
30,63,16,39,15,40,0,22.8462962962963,0.2937014960999912,0,0.04060716074471761,S3
30,60,35,17,34,18,0,51.55185185185185,0.2550729531666328,0,0.12654630928291272,S3
30,60,21,31,19,33,0,30.12962962962963,0.28107381388331915,1,0.07546602693859283,S3
30,60,20,32,20,32,0,30.179629629629627,0.27992173029998746,1,0.03408283185118482,S3
30,60,21,31,20,32,0,30.916666666666664,0.27864552229998646,1,0.043677143591713964,S3
30,60,18,34,18,34,0,26.44259259259259,0.2820135195499889,1,0.07599723092519128,S3
30,60,16,36,15,37,0,23.951851851851853,0.2864446633999887,1,0.12728626194457957,S3
30,60,18,34,17,35,0,25.753703703703703,0.2821713488666577,1,0.07808860012001034,S3
30,60,21,31,21,31,0,31.727777777777778,0.2776985771499856,1,0.34313595062344937,S3
30,76,15,53,15,53,0,20.112962962962964,0.31005175791665873,1,inf,S3
30,75,16,51,16,51,1,21.18148148148148,0.3071787833499958,1,0.05798680595555283,S3
30,75,15,52,16,51,0,20.75925925925926,0.3073096385666611,1,0.04239449044928599,S3
30,63,16,39,17,38,0,23.557407407407407,0.292463842233323,1,0.0762586170921464,S3
30,60,32,20,31,21,0,46.8,0.2622467171166379,1,0.09377998705708053,S3
30,60,32,20,32,20,0,48.19074074074074,0.2593507532999684,1,0.16032244732573842,S3
30,60,32,20,30,22,0,46.58888888888889,0.2669607453333027,1,0.36856424302838575,S3
30,75,16,51,16,51,0,21.32037037037037,0.3018969751833245,1,0.1080815853899165,S3
30,62,15,39,15,39,1,22.35185185185185,0.29669167718332623,1,0.01621002001817257,S3
30,61,15,38,15,38,0,22.275925925925925,0.29717015348332515,1,0.06317869195344804,S3
30,60,15,37,16,36,0,22.97407407407407,0.29654861468332766,1,0.04162409003488155,S3
30,63,16,39,15,40,2,23.31296296296296,0.2937259835999939,1,0.04617058969781826,S3
30,60,35,17,35,17,0,53.28703703703704,0.25541121146663204,1,inf,S3
30,60,16,36,17,35,0,24.137037037037036,0.2874529713999917,2,0.07715875079909507,S3
30,60,17,35,16,36,0,24.733333333333334,0.28713410711665666,2,0.09135574545286021,S3
30,60,19,33,19,33,0,28.385185185185186,0.2841493932833211,2,0.18329211581404736,S3
30,60,22,30,21,31,0,32.09074074074074,0.2787236006666536,2,0.47876278965539765,S3
30,77,15,54,15,54,0,20.609259259259257,0.3100766974833247,2,inf,S3
30,77,16,53,15,54,0,21.20925925925926,0.30910444443332596,2,0.023630273639493455,S3
30,60,34,18,32,20,0,49.492592592592594,0.26178286204996726,2,0.03232075219409709,S3
30,60,33,19,32,20,0,49.416666666666664,0.26330770548330096,2,0.03064797445420503,S3
30,60,35,17,33,19,0,50.7,0.26045248809996907,2,0.10552049608179453,S3
30,60,32,20,32,20,1,49.06111111111111,0.2644102417333012,2,0.3907018287788223,S3
30,63,35,20,34,21,1,50.18518518518518,0.2610161655499669,2,0.02961480441394425,S3
30,68,15,45,16,44,0,22.109259259259257,0.3036460479666586,2,0.018869918355746418,S3
30,72,15,49,15,49,0,21.668518518518518,0.30462681763332244,2,0.0435245058295751,S3
30,72,16,48,15,49,0,22.1462962962963,0.30333341473332476,2,0.06571274926743997,S3
30,75,16,51,15,52,1,21.557407407407407,0.3089918239166576,2,0.020198077530635267,S3
30,76,17,51,15,53,0,21.605555555555554,0.3075440309999932,2,0.04228298864142888,S3
30,60,15,37,15,37,1,22.77592592592593,0.2976174967499883,2,0.07699073858146387,S3
30,63,15,40,15,40,2,23.201851851851853,0.2966898090499916,2,0.022925351864280928,S3
30,61,17,36,15,38,0,23.687037037037033,0.2938098872833232,2,0.08685238511405036,S3
30,61,16,37,15,38,0,23.392592592592592,0.29562985418332516,2,0.025563714078010585,S3
30,63,17,38,15,40,0,23.355555555555554,0.2960448531333242,2,0.01260181786550621,S3
30,60,37,15,36,16,0,55.68703703703704,0.2564514962666307,2,inf,S3
30,60,37,15,35,17,0,55.492592592592594,0.25781275628329864,2,0.10839056382590363,S3
30,75,15,52,15,52,1,20.762962962962963,0.3137499519833245,3,inf,S3
30,60,37,15,35,17,1,55.69814814814814,0.2577227168832978,3,inf,S3
30,63,24,31,24,31,0,35.92962962962963,0.2817619011666504,3,0.5873705173224019,S3
